ticker,fiscal_year,managerial_inside_own,state_own,institutional_own,foreign_own,unit_scale,currency_code,net_sales,total_assets,selling_expenses,general_admin_expenses,manufacturing_overhead,raw_material_consumption,merchandise_purchase_year,wip_goods_purchase,outside_manufacturing_expenses,production_cost,intangible_assets_net,net_operating_income,net_income,total_equity,total_liabilities,long_term_debt,current_assets,current_liabilities,inventory,net_ppe,cash_and_equivalents,rnd_expenditure,growth_ratio,net_cfo,net_cfi,capex,shares_outstanding,share_price,market_value_equity,dividend_cash_paid,eps_basic,product_innovation,process_innovation,evidence_product,evidence_process,employees_count,firm_age
AAM,2020,0.5407,0.0,0.0676,0.0117,1,VND,122651245150.0,210819262649.0,8182671805.0,7866720432.0,32694056286.0,193829652562.0,65030000.0,19975774139.0,24551431604.0,252023587698.0,20610771501.0,-3709323390.0,-11967345859.0,194100979810.0,16718282839.0,1214614248.0,171282053841.0,15503668591.0,119394550727.0,8050550807.0,26258747855.0,,-2.4403,-24311448296.0,34349593895.0,1370951179.0,10451182.0,10530.0,110050946460.0,5225591000.0,-1145.0,1,1,"Tập trung mặt hàng truyền thống là Cá tra fillet đông lạnh. Các mặt hàng mới (sản phẩm giá trị gia tăng, phụ phẩm) vẫn đang trong giai đoạn định hướng nghiên cứu","Đầu tư thêm máy móc thiết bị khoảng 1,5 tỷ đồng. Thực hiện loạt sáng kiến: Thay mới tàng ong tháp giải nhiệt, nâng cấp thiết bị ngưng tụ kho lạnh 2.500 tấn, nâng cấp phân xưởng chế biến và thay bóng đèn LED. Nâng cấp hệ thống xử lý nước thải đạt chuẩn mới",329.0,18
AAM,2021,0.5407,0.0,0.0685,0.016,1,VND,134110305244.0,201087507683.0,6242311631.0,642461072.0,22487746141.0,68488284777.0,0.0,45303879101.0,5077151692.0,104586339131.0,19975010037.0,-4321664374.0,225510011.0,194326489821.0,6761017862.0,1216684591.0,163042481781.0,5544333271.0,84836260629.0,6261629365.0,26258747855.0,,1.0188,45312490419.0,-2287699235.0,746072727.0,10451182.0,11850.0,123846506700.0,0.0,22.0,0,1,Tiếp tục duy trì dòng sản phẩm cá tra truyền thống; chưa ghi nhận sản phẩm mới thực tế ra mắt,Đầu tư máy móc thiết bị khoảng 800 triệu đồng. Nâng cấp thiết bị xử lý nước; trang bị thêm thiết bị khu ngâm quay tại phân xưởng chế biến; nâng cấp băng chuyền IQF 4 và 5 (tăng cách nhiệt trần và điều chỉnh tốc độ gió) để tiết kiệm điện,159.0,19
AAM,2022,0.487,0.0,0.0825,0.0116,1,VND,212007837549.0,218579542224.0,12763496085.0,7558596102.0,32692188500.0,154729427632.0,0.0,47749996090.0,10384556702.0,206628178272.0,19339248573.0,11999332494.0,16899756334.0,209536270522.0,9043271702.0,1106039742.0,180897439215.0,7937231960.0,101871951690.0,6774467936.0,10250896174.0,,73.9401,-3970805102.0,-48053251476.0,3217643736.0,10451182.0,10770.0,112559230140.0,0.0,1455.0,0,1,Sản xuất chính vẫn là cá tra fillet. Kế hoạch nghiên cứu mặt hàng mới ngoài cá tra được nêu trong định hướng tương lai để tránh bấp bênh,"Đầu tư thêm máy móc thiết bị khoảng 3,2 tỷ đồng. Nâng cấp dao lăn cán đá vảy; thay đầu máy nén trục vít hệ thống điều hòa trung tâm 2; thay đệm cao su cách nhiệt cửa băng chuyền IQF 2, 3, 4, 5. Thành lập Ban Kiểm toán nội bộ trực thuộc HĐQT",165.0,20
AAM,2023,0.4833,0.0,0.0809,0.0103,1,VND,139259201598.0,212857323705.0,3971638521.0,6001675362.0,21920215904.0,127134883862.0,0.0,38992579217.0,1971595055.0,164887232078.0,18703487109.0,-983491757.0,703150885.0,202635778918.0,10221544787.0,1073497780.0,173748814806.0,9148047007.0,127268351742.0,4941715290.0,22888984646.0,,-0.9584,-24230847125.0,44001754869.0,238000000.0,10451182.0,9330.0,97509528060.0,7315827400.0,40.0,0,1,Tiếp tục tập trung vào mặt hàng cá tra fillet truyền thống. Định hướng nghiên cứu sản phẩm mới vẫn ở mức kế hoạch chiến lược,"Đầu tư máy móc thiết bị khoảng 240 triệu đồng. Nâng cấp, sửa chữa băng tải cá phân xưởng chế biến; tối ưu hóa hệ thống quạt giải nhiệt và vận hành sản xuất tránh giờ cao điểm để tiết kiệm năng lượng. Thành lập Chi nhánh tại Vĩnh Long",176.0,21
AAM,2024,0.5268,0.0,0.0809,0.0103,1,VND,153483344374.0,202353239327.0,6104094639.0,4772225033.0,22493157752.0,60649836795.0,0.0,24349739520.0,5096310016.0,94878836449.0,18067725669.0,-13125320673.0,-6295683732.0,196340095186.0,6013144141.0,1081929696.0,165582776376.0,4931214445.0,89003722128.0,3656150014.0,62696698955.0,,-9.9535,34043716170.0,5443429617.0,105000000.0,10451182.0,7300.0,76293628600.0,0.0,-602.0,0,1,Vẫn duy trì sản xuất cá tra fillet truyền thống. Các sản phẩm giá trị gia tăng và sản phẩm mới vẫn nằm trong chiến lược dài hạn,"Đầu tư thêm máy móc thiết bị khoảng 105 triệu đồng. Cải tiến kỹ thuật: Tối ưu hệ thống giải nhiệt dàn ngưng, lắp rờ le tự động tắt bớt quạt tháp giải nhiệt khi nhiệt độ đạt yêu cầu để giảm tiêu thụ điện. Nâng cấp, sửa chữa băng tải cá phân xưởng chế biến",176.0,22
ACG,2020,0.5504,0.0,0.8801,0.378,1,VND,3781468964050.0,4453117612700.0,442795174301.0,107320377926.0,519226730097.0,2432423682361.0,5936868744.0,216922334759.0,258932020173.0,3660272640799.0,20035339188.0,559010641999.0,491977935402.0,3516691508324.0,936426104376.0,6594951979.0,3588399748702.0,929831152397.0,1132964681719.0,615103068586.0,53239217833.0,,,801860429353.0,-583143265772.0,23169159495.0,87656844.0,,,315002678400.0,5633.0,0,0,,,3033.0,26
ACG,2021,0.5297,0.0,0.8895,0.3767,1,VND,3312950679602.0,4982919025724.0,383770408773.0,100092496584.0,435024942017.0,1698287651307.0,4717151471.0,219733748906.0,189828715122.0,2745923471014.0,16601715399.0,541942134163.0,451279222834.0,3776798905190.0,1206120120534.0,9547656097.0,3650800848248.0,1196572464437.0,1380301310465.0,518159318784.0,99169609256.0,,-0.0827,170164358901.0,-307563050231.0,13088736894.0,87640744.0,53090.0,4652847098960.0,104826892800.0,4513.0,1,1,"Phát triển các giải pháp hoàn thiện sản phẩm: dán, uốn mặt top Laminate, cửa đi bằng gỗ công nghiệp cao tới 3m. Ứng dụng mã QR để truy xuất nguồn gốc và chống hàng giả","Triển khai loạt công cụ số hóa: AC Library (ứng dụng giới thiệu sản phẩm), AC Design Tool (phần mềm mô phỏng nội thất), AC Shopping và ứng dụng thực tế ảo 360 Showroom VR",2835.0,27
ACG,2022,0.5298,0.0,0.897,0.386,1,VND,4509669871101.0,5467207015864.0,547870944173.0,167893855307.0,589974041184.0,2801172108515.0,4416868924.0,254058190275.0,273116392532.0,4176245780834.0,13261720230.0,748528317352.0,615581289335.0,3912217369890.0,1554989645974.0,12670226882.0,3839450781144.0,1542319419092.0,1466857166709.0,425861523672.0,387855741942.0,,0.364,388380051156.0,72604936185.0,18400278483.0,135836522.0,28600.0,3884924529200.0,464650732500.0,4577.0,1,1,"Đẩy mạnh công tác R&D, duy trì vị thế dẫn đầu thông qua các bộ sưu tập mới. Thương hiệu Malloca đạt chứng chỉ Hiệu suất năng lượng cho dòng tủ lạnh và tủ rượu","Nghiệm thu và đưa vào hoạt động dự án cải tiến và số hóa quy trình hoạt động. Đầu tư hệ thống máy móc hiện đại, Rô-bốt, máy cắt CNC của Đức và dây chuyền sơn tự động Cefla Italy",2797.0,28
ACG,2023,0.5298,0.0,0.896,0.385,1,VND,3778719611534.0,5522084035551.0,522386144114.0,172404565592.0,621502072478.0,2208003679443.0,1892876487.0,174198297205.0,286343581485.0,3501379706279.0,11814995561.0,528884386566.0,411184187186.0,4076508222777.0,1445575812774.0,15020821910.0,4131503386110.0,1430554990864.0,1134504136989.0,393162446484.0,66882261518.0,,-0.33204,613900267221.0,-722378319560.0,84102240244.0,150787946.0,34330.0,5176550186180.0,105486151400.0,2437.0,1,1,Ra mắt dòng sản phẩm Tấm lam trang trí tường và trần với ưu điểm thi công nhanh và đa dạng màu sắc. Tiếp tục nghiên cứu các màu sắc và giải pháp mới qua bộ phận R&D,"Hoàn tất nâng cấp hệ thống quản trị lên phiên bản SAP S/4HANA mới nhất, số hóa toàn diện quy trình Tập đoàn. Thành lập Ban ESG để quản trị chuyển đổi xanh và thực hiện kiểm kê khí nhà kính theo ISO 14064",2633.0,29
ACG,2024,0.5298,0.0,0.8961,0.3854,1,VND,4025384086235.0,5639637217365.0,493929593506.0,310259677423.0,582129969684.0,2286848965406.0,3089734687.0,164582758185.0,293581987375.0,3669705810549.0,26950869586.0,574676707191.0,419971985880.0,4176030790173.0,1463606427192.0,12810074337.0,4119782891159.0,1450796352855.0,967636647034.0,347326827337.0,155329618175.0,,0.02137,644454037787.0,-336346257856.0,70564754790.0,150787946.0,39550.0,5963663264300.0,241126563200.0,2785.0,1,1,Không có dữ liệu cụ thể về sản phẩm mới trong các tài liệu hiện có (Báo cáo 2024 mới chỉ là thông báo công bố,Thành lập Tiểu ban Nhân sự trực thuộc HĐQT vào đầu năm 2024 để kiện toàn bộ máy quản trị. Tiếp tục định hướng đầu tư tự động hóa và hiện đại hóa máy móc,2465.0,30
ACL,2020,0.6056,0.0,0.0133,0.0294,1,VND,959133319943.0,1659542087782.0,44409369533.0,31160991274.0,148831122621.0,913047021774.0,0.0,418375746824.0,91694693285.0,1182307842174.0,51476080710.0,32414348699.0,28183404907.0,694459876278.0,965082211504.0,0.0,1320454468672.0,965082211504.0,974390498623.0,270781524809.0,38781028129.0,,-0.8028,-217551598340.0,-23446449483.0,23575629483.0,50159019.0,12830.0,643540213770.0,0.0,562.0,1,1,Sản phẩm chính vẫn là Cá tra Fillet đông lạnh. Chiến lược đề cập đến việc đa dạng hóa sản phẩm giá trị gia tăng nhưng chưa ghi nhận sản phẩm mới cụ thể ra mắt trong năm,Đưa vào hoạt động thêm kho lạnh 1.000 tấn trị giá gần 8 tỷ đồng. Trang bị máy móc thiết bị hiện đại thay thế thiết bị cũ. Lắp thêm biến tần (inverter) MCD 3000 và tận dụng khí gas nóng để tiết kiệm điện/năng lượng,1590.0,17
ACL,2021,0.5965,0.0,0.0189,0.0296,1,VND,1224022685706.0,1458179314834.0,48034687524.0,28988215361.0,146762483942.0,792304148010.0,0.0,229061371212.0,89561432387.0,1055414945519.0,49505265630.0,48187963698.0,42088175559.0,706452640437.0,751726674397.0,0.0,1158362257259.0,751726674397.0,852626851763.0,235469455849.0,102152820485.0,,0.5,361838886141.0,-2615105160.0,2685105160.0,50159019.0,16310.0,818093599890.0,6895368510.0,839.0,1,1,"Tiếp tục duy trì dòng sản phẩm truyền thống; chưa có dữ liệu về việc ra mắt sản phẩm mới thực tế,. Duy trì các chứng nhận chất lượng: ASC, BAP, Global GAP","Tiếp tục trang bị thêm một số máy móc thiết bị hiện đại để hiện đại hóa sản xuất và đáp ứng yêu cầu thị trường,. Duy trì các sáng kiến tiết kiệm năng lượng và đào tạo nâng cao tay nghề công nhân",1233.0,18
ACL,2022,0.6561,0.0,0.0173,0.0285,1,VND,1174022468086.0,1481370067070.0,57286286817.0,38028346677.0,131996299285.0,717126696938.0,291562395.0,187812442110.0,91024323307.0,1008675164687.0,47534450550.0,136667808445.0,117947830085.0,824400470522.0,656969596548.0,0.0,1208234057630.0,656969596548.0,922521285073.0,151419743103.0,38066909586.0,,1.8095,51857134959.0,-10479851564.0,9433357418.0,50159019.0,9530.0,478015451070.0,23199008340.0,2351.0,1,1,Tập trung vào sản phẩm chủ lực cá tra fillet hiện diện ở hơn 70 quốc gia. Không có thông tin về dòng sản phẩm mới ra mắt,Đầu tư trang bị thêm máy móc thiết bị hiện đại. Vận hành Nhà máy chế biến thức ăn thủy sản công suất 100.000 tấn/năm để khép kín quy trình từ vùng nuôi đến chế biến,1473.0,19
ACL,2023,0.6561,0.0,0.0142,0.0231,1,VND,1117774370779.0,1749180174427.0,66960002328.0,43032700058.0,165188761013.0,910366307548.0,0.0,311280653550.0,110420882490.0,1243655465673.0,45563635474.0,17657189907.0,9852743462.0,799141900684.0,950038273743.0,0.0,1482105470702.0,950038273743.0,1093060182479.0,204932491498.0,71092013296.0,,-0.9165,-192889183027.0,-27191725324.0,27464099082.0,50159019.0,11350.0,569304865650.0,35110106325.0,196.0,1,1,Duy trì danh mục sản phẩm cũ. Chiến lược tiếp tục định hướng nâng cao tỷ lệ mặt hàng giá trị gia tăng nhưng chưa có bằng chứng thực hiện cụ thể trong năm,"Thực hiện dự án thay thế và cải tiến hệ thống lạnh kho nhà xưởng với giá trị đầu tư hơn 20 tỷ đồng,. Tiếp tục cải tiến định mức chế biến và hiện đại hóa máy móc",2169.0,20
ACL,2024,0.6561,0.0,0.014,0.0225,1,VND,1758180595645.0,1663984592012.0,115449129071.0,45849337111.0,219657670372.0,1452445359678.0,0.0,175956247444.0,160304097977.0,1882243810400.0,43592820394.0,13689484554.0,10765243181.0,809907143865.0,854077448147.0,0.0,1403582064798.0,854077448147.0,953254782217.0,191676443728.0,66101069152.0,,0.1,82360714272.0,-21146883107.0,21219883107.0,50159019.0,11400.0,571812816600.0,0.0,215.0,1,1,Không ghi nhận sự thay đổi đáng kể trong danh mục sản phẩm ngoài mặt hàng truyền thống. Tập trung giữ vững hình ảnh thương hiệu Cá Tra/Basa CL-FISH CORP,Tiếp tục triển khai thay thế và cải tiến hệ thống lạnh kho nhà xưởng để đảm bảo hoạt động sản xuất kinh doanh. Duy trì chính sách hiện đại hóa máy móc và cải tiến kỹ thuật để giảm chi phí sản xuất,2031.0,21
BAF,2020,,,,,1,VND,12845638170061.0,5245832595840.0,1662852857.0,14840343136.0,122337364817.0,159861850721.0,12288455478292.0,117003766096.0,98114210929.0,302865229648.0,338854440.0,63610980009.0,45826798206.0,565588418869.0,4680244176971.0,64318000959.0,4665386022190.0,4615926176012.0,989390585293.0,213429428963.0,68075924740.0,,2.5251,1822777038282.0,-275847696072.0,192000336123.0,,,,0.0,2251.0,0,0,,,,3
BAF,2021,0.237,0.0,0.205,0.0,1,VND,10434950532701.0,5457246010443.0,15742973158.0,54255438010.0,179832887696.0,776713384240.0,9455555406731.0,613989745563.0,131700259762.0,1064777703978.0,207116513349.0,390112192339.0,321791002053.0,1454818471466.0,4002427538977.0,151050124237.0,4330369174765.0,3851377414740.0,1087718158115.0,359554248281.0,240885247960.0,,6.0203,157332934324.0,-632919512543.0,481821246199.0,78000000.0,15750.0,1228500000000.0,0.0,2909.0,1,1,"Khánh thành và đưa vào vận hành chuỗi siêu thị bán lẻ thực phẩm sạch SIBA FOOD,. Đây là bước đi nhằm hoàn thiện mảnh ghép ""Food"" trong mô hình 3F","Đưa vào vận hành Nhà máy sản xuất thức ăn chăn nuôi BAF Tây Ninh diện tích 30.000 m2, công suất 200.000 tấn/năm. Triển khai ứng dụng hệ thống quản trị nội bộ ERP - Solomon. Thực hiện thành công IPO và niêm yết cổ phiếu trên sàn HOSE",705.0,4
BAF,2022,0.4383,0.0,0.4048,0.002,1,VND,7085368377828.0,4729096092916.0,72229870717.0,87624647284.0,226918557762.0,766933273218.0,5554055245834.0,803559549462.0,94285146583.0,6717864654272.0,207116509176.0,343509658287.0,287778738448.0,1742668059914.0,2986428033002.0,694709004968.0,2662699738155.0,2291719028034.0,881821214156.0,888984185387.0,151374475776.0,,-0.1054,-269396903512.0,-578507857956.0,504465486036.0,143520000.0,12940.0,1857148800000.0,0.0,1998.0,1,1,"Nghiên cứu thành công công thức ""Cám Chay"" độc quyền (100% nguyên liệu thực vật) và ra mắt thương hiệu Heo Ăn Chay BAF Meat","Nhà máy BAF Tây Ninh trở thành đơn vị đầu tiên tại Việt Nam đạt đồng thời chứng nhận GlobalG.A.P. CFM V3.0 và FSSC 22000 ver 5.1,. Khánh thành trang trại nuôi heo công nghệ cao đầu tiên tại Phú Yên",1065.0,5
BAF,2023,0.4383,0.0,0.40484,0.0,1,VND,5204230720499.0,6533660695830.0,93220306421.0,99534558673.0,300568437882.0,753541042473.0,3856224883195.0,1382341178279.0,142432517027.0,5048276653053.0,187220545731.0,33055338055.0,30325349728.0,1908322023619.0,4625338672211.0,1.61,3148011679041.0,3011074968540.0,1592961230786.0,1430155467474.0,95165075409.0,,-0.9083,-419703972673.0,-1155251126020.0,1011505391119.0,143520000.0,18230.0,2616369600000.0,0.0,157.0,1,1,Không có dữ liệu cụ thể về việc ra mắt dòng sản phẩm mới; công ty tập trung đẩy mạnh nhận diện cho thương hiệu Heo Ăn Chay đã có,"Ký kết hợp tác chiến lược với Tổ chức Tài chính Quốc tế (IFC) và huy động thành công 500 tỷ đồng tín dụng xanh,. Khánh thành 4 trang trại công nghệ cao và khởi công trang trại thứ 2 tại Phú Yên trị giá 240 tỷ đồng",1920.0,6
BAF,2024,0.4338,0.0,0.40031,0.00564,1,VND,5641031044668.0,7449030044505.0,76630177559.0,137280743174.0,511941001993.0,2202377643629.0,2255882309090.0,1920259929631.0,269986950135.0,5138319471390.0,5724397521.0,302353124321.0,318936314048.0,2935751653618.0,4513278390887.0,1448700005729.0,3081018989584.0,3064578385158.0,2156075218789.0,2370091495437.0,148911935224.0,,11.0206,-291935815016.0,-573814871513.0,797683567007.0,239021642.0,28100.0,6716508140200.0,4320000000.0,1556.0,1,1,Tập trung nghiên cứu và phát triển các dòng sản phẩm chế biến từ thịt nhằm nâng cao giá trị gia tăng và tận dụng tối đa phụ phẩm chăn nuôi,"Khởi động dự án chuyển đổi số toàn diện trên nền tảng SAP S/4HANA Cloud,,. Hợp tác chiến lược với tập đoàn Muyuan để chuyển giao công nghệ chăn nuôi thông minh và trí tuệ nhân tạo (AI),,. Đưa vào vận hành thêm nhiều trang trại, nâng tổng số lên 34 trang trại trên toàn quốc,. Triển khai lắp đặt hệ thống năng lượng mặt trời tại các trang trại trọng điểm",2125.0,7
BCC,2020,0.00055,0.6096,0.6096,0.0,1,VND,4299593774132.0,4127845107797.0,142061562954.0,233050397897.0,,1723506906694.0,,,1518604756364.0,4144977662063.0,9183801920.0,174207782402.0,144939584488.0,2115712203695.0,2012132904102.0,31263178361.0,573814871513.0,1980869725741.0,345565169764.0,3245006976332.0,88125503724.0,,-0.4627,437773157077.0,-38293685137.0,48545333322.0,123209812.0,8820.0,1086710541840.0,1377500000.0,1231.0,0,1,"Tập trung sản xuất các loại xi măng, clinker truyền thống nhãn hiệu ""Con voi"",. Chưa ghi nhận sản phẩm mới ra mắt; chiến lược tập trung chuyển dịch từ xi măng mác thấp sang mác cao","Hoàn thành dự án chuyển đổi công nghệ hệ thống nghiền xi măng đến đóng bao (công suất 220 tấn/giờ) với thiết bị hiện đại từ nhà thầu LOESCHE (Đức),. Triển khai các dự án Kho nguyên liệu và tận dụng nhiệt khí thải để phát điện",1401.0,40
BCC,2021,0.000357,0.7315,0.7315,0.0,1,VND,4330090558349.0,3927546473902.0,161444544657.0,142570970290.0,1915590158707.0,1835182601281.0,105989823.0,51383913684.0,1361377966489.0,4126990539801.0,10094780799.0,152005799816.0,102912763548.0,2162743690975.0,1764802782927.0,39871461394.0,562798825558.0,1724931321533.0,318314929079.0,3155290555708.0,94822306112.0,,0.2737,424221921072.0,-91204371206.0,89631928736.0,123209812.0,21010.0,2588638150120.0,36904477650.0,887.0,0,1,Tiếp tục duy trì danh mục sản phẩm hiện hữu. Chú trọng thay đổi cơ cấu tiêu thụ từ xi măng bao sang xi măng rờ,"Sửa chữa, cải tạo lọc bụi điện của máy nghiền xi măng 45-27 sang lọc bụi túi để nâng cao hiệu suất và giảm phát thải. Khởi công dự án Kho nguyên liệu vào ngày 18/7/2021. Đẩy mạnh chương trình số hóa trong quản lý và kiểm soát hàng hóa",1334.0,41
BCC,2022,0.000357,0.7315,0.7315,0.0,1,VND,4288419129197.0,4099184212345.0,167783519068.0,148297592156.0,1916066316944.0,2065220777854.0,0.0,285324480538.0,1356182551639.0,4367559173374.0,9740927572.0,83741638438.0,63134725541.0,2122642402183.0,1976541810162.0,78177385911.0,804676941007.0,1898364424251.0,604712418646.0,3138816570793.0,42606774972.0,,-0.3046,178149035829.0,-193328328950.0,196085360816.0,123209812.0,7870.0,969661220440.0,61576126160.0,563.0,1,1,Hội đồng quản trị đã ban hành Nghị quyết số 3168/NQ-HĐQT ngày 25/11/2022 về phương án sản xuất và tiêu thụ sản phẩm mớ,Đưa dự án Kho nguyên liệu mới vào hoạt động từ ngày 01/11/2022. Triển khai giải pháp vận chuyển clinker từ lò 2 vào kho CT14 qua hệ thống băng tải để tiết kiệm chi phí xăng dầu,1280.0,42
BCC,2023,0.000358,0.7315,0.7315,0.0,1,VND,319618546063.0,3656713441407.0,148083124011.0,124874241528.0,1497374470456.0,1208261832802.0,30073646.0,102848703712.0,1022151188300.0,3027946622998.0,9429500887.0,-213227787673.0,-233536479368.0,1784922141815.0,1871791299592.0,52039463171.0,611981257995.0,1819751836421.0,337304683901.0,2893478908115.0,188202362327.0,,-3.2348,28673341455.0,-112763511439.0,112763511439.0,123209812.0,9200.0,1133530270400.0,16487080110.0,-1846.0,0,1,Tập trung tiêu thụ xi măng rời và điều chỉnh phương án sản xuất tối ưu theo thị trường. Không ghi nhận sản phẩm mới cụ thể trong kỳ báo cáo.,Phê duyệt dự án Tận dụng nhiệt khí thải để phát điện. Triển khai giải pháp lắp máy bơm 55kW tại CT55 để giảm tiêu hao điện năng và cải tiến cửa đổ tiếp liệu 22-02 để tăng năng suất máy đập. Ban hành 12 quy định nội bộ để tối ưu hóa quản trị,1192.0,43
BCC,2024,0.000358,0.7315,0.7315,0.0,1,VND,3625325908207.0,3412371648825.0,176687291464.0,116502422715.0,1602384956680.0,1638056715718.0,1845064.0,163689920718.0,1046184376029.0,3551789281696.0,9141081772.0,-26532260780.0,-8133426100.0,1776788715715.0,1635582933110.0,23924650614.0,672229543798.0,1611658282496.0,441953600896.0,2588449768870.0,150704730540.0,,1.0176,202642595052.0,-15430447284.0,22079538193.0,123209812.0,7300.0,899431627600.0,15005064070.0,-50.0,1,1,Thực hiện chiến lược đưa ra nhiều nhãn hiệu xi măng mới với giá bản thấp để tăng sản lượng tiêu thụ và mở rộng thị phần. Ban hành nghị quyết về đa dạng hóa sản phẩm đáp ứng nhu cầu thị trường tại CNQT,"Triển khai chương trình chuyển đổi số trong Tổng công ty đến năm 2025, tập trung số hóa sản xuất, tiêu thụ và văn phòng điện tử. Áp dụng mô hình thông tin công trình (BIM) trong hoạt động đầu tư xây dựng. Đào tạo sử dụng phần mềm Autodesk Inventor Profesional Plus",1135.0,44
CSM,2020,0.0536,0.51,0.6195,0.019,1,VND,4799469375952.0,3813249556395.0,236081442537.0,257430415987.0,859814401368.0,2873591860945.0,9112060156.0,,106296606176.0,4074295285549.0,90951187803.0,104895712549.0,90660781927.0,1275446596581.0,2537802959814.0,357901844172.0,2255657203084.0,2179901115642.0,1336077421911.0,1220288860780.0,28148892095.0,,0.7285,316580474851.0,-88936246628.0,96499744340.0,103625262.0,15670.0,1623807855540.0,51812631000.0,875.0,1,1,"Ra mắt dòng sản phẩm mới: Lốp ô tô du lịch PCR Advenza, đạt các tiêu chuẩn quốc tế (DOT Mỹ, JIS Nhật Bản, E4 Châu Âu)",Nghiên cứu thành công công thức/đơn săm cao su thiên nhiên kháng nhiệt và tăng cường lực mối nối,2350.0,44
CSM,2021,0.0033,0.51,0.6194,0.019,1,VND,4963912733608.0,4153312769340.0,208433562499.0,173310960030.0,771553593270.0,3390522273838.0,1432410174.0,,147173578852.0,4486401761418.0,88556210230.0,68104332114.0,42015244948.0,1257302210528.0,2896010558812.0,232360191420.0,2803430323458.0,2663650367392.0,1648386797524.0,1069051137600.0,78941457052.0,,-0.5366,-271428353421.0,-8758987052.0,22129440844.0,103625262.0,17310.0,1793753285220.0,50672896875.0,396.0,0,1,,"Nâng cấp quy trình công nghệ và số hóa: Đầu tư hơn 6,1 tỷ đồng mua mới và hoàn thành lắp đặt máy móc thiết bị; chi 2,24 tỷ đồng đại tu nâng cấp máy luyện hở 440 bản thép và máy lưu hóa lốp 55''; đồng thời chi 947,6 triệu đồng lắp đặt hệ thống máy vi tính tại nhà xưởng.",2380.0,45
CSM,2022,0.0031,0.51,0.593,0.0074,1,VND,5559782272838.0,4204237007261.0,173746047966.0,165987201172.0,719605526374.0,3826462548915.0,1489832001.0,,140601929458.0,4867431994351.0,86161232657.0,107392106947.0,79184939323.0,1301434199207.0,2902802808054.0,151539517714.0,3012424468182.0,2751263290340.0,1879212834150.0,902338618679.0,28148892095.0,,0.8857,42034316948.0,-24206485947.0,44845198075.0,103625262.0,13450.0,1393759773900.0,31087578600.0,554.0,0,0,,,2320.0,46
CSM,2023,0.0031,0.51,0.593,1e-06,1,VND,5497560551978.0,3884300875457.0,200104869967.0,186393721555.0,725994583859.0,3026080194214.0,7254449013.0,,129164559198.0,4059758025787.0,83766255084.0,62385362731.0,60374641748.0,1324200467209.0,2560100408248.0,101747873324.0,2862554201964.0,2458352534924.0,1313326790689.0,833265451963.0,289674601758.0,,-0.2375,617032989912.0,-35166734159.0,46095249931.0,103625262.0,11660.0,1208270554920.0,31087578600.0,384.0,0,0,,,1900.0,47
CSM,2024,0.0031,0.51,0.5898,,1,VND,5001549470744.0,3815256503260.0,213762927326.0,295651774858.0,953243304681.0,3052982745177.0,5579229134.0,,147413257753.0,4344429113723.0,81574664547.0,70989671639.0,72071490392.0,1360188407654.0,2455068095606.0,70370935017.0,2907846266290.0,2384697160589.0,1220499639623.0,715977561613.0,473343496352.0,,0.1937,349429055157.0,-79326199040.0,95517454756.0,103625262.0,15120.0,1566813961440.0,31087578600.0,433.0,1,1,Nghiên cứu thành công và xuất khẩu lô hàng lốp Bias chuyên dụng chịu nhiệt chạy trên địa hình sa mạc sang thị trường Trung Đông; đồng thời hoàn thành bộ khuôn mẫu cho dòng lốp M/T Patagonia công suất 85.000 lốp/năm.,"Hoàn thành lắp đặt và đưa vào sử dụng hệ thống điện mặt trời áp mái tại nhà xưởng; đồng thời nâng cấp máy móc, thiết bị theo công nghệ mới nhằm tiết kiệm năng lượng và áp dụng giải pháp kinh tế tuần hoàn (tái sử dụng phế phẩm)",1950.0,48
DCL,2020,0.7461,0.0,0.7461,0.0253,1,VND,690600452595.0,1800406954196.0,97995858008.0,41737260884.0,147914382070.0,344689756029.0,8941309769.0,7412974396.0,,607488876867.0,21366181226.0,85301466542.0,68927680762.0,970995498075.0,829411456121.0,485830843234.0,1442218072079.0,343580612887.0,226988243589.0,274513538850.0,41877931541.0,,-0.2496,93365700437.0,-66535701624.0,101948020531.0,56832824.0,25200.0,1432187164800.0,0.0,1131.0,1,1,Ghi nhận quyền phân phối độc quyền cho hai loại thuốc điều trị ung thư là Capecitabine và Imatinib. Duy trì các chứng chỉ sản xuất dược phẩm đạt chuẩn GMP - WHO,"Đầu tư dự án Nhà máy Capsule giai đoạn 3 và cải tạo, nâng cấp Nhà máy Dược phẩm để phục vụ đánh giá GMP - WHO. Đầu tư thêm máy móc thiết bị mới trị giá hơn 2,5 tỷ đồng",841.0,44
DCL,2021,0.7207,0.0,0.7207,0.0244,1,VND,715486224953.0,1781028068118.0,74481402601.0,48889799085.0,143606650797.0,462803978482.0,5394088612.0,16471827121.0,,731881276405.0,21150854177.0,109887661276.0,87756304428.0,963238251619.0,817789816499.0,106561019632.0,1261155476594.0,711228796867.0,308196486695.0,465317485173.0,41255262412.0,,0.2948,29437148664.0,224393139637.0,152611638503.0,56832824.0,39800.0,2261946395200.0,0.0,1495.0,0,1,Không có dữ liệu cụ thể về việc ra mắt sản phẩm mới trong kỳ báo cáo (tiếp tục dự án thuốc ung thư từ năm trước),"Triển khai dự án Nhà máy Capsule giai đoạn 4 và dự án mở rộng nhà máy tại Long An. Đầu tư mua sắm máy móc thiết bị mới trị giá hơn 1,2 tỷ đồng",859.0,45
DCL,2022,0.5805,0.0,0.5805,0.0132,1,VND,1036161984911.0,2105322887503.0,104006556577.0,49808561587.0,175347660274.0,721573368264.0,100619762701.0,0.0,113826382368.0,1031282038770.0,20983664809.0,141447374505.0,112913962533.0,1391657364152.0,713665523351.0,159598004495.0,1422244637211.0,554067518856.0,315080042466.0,422618292933.0,52851714658.0,,0.2987,-450071015619.0,93176767339.0,233028447600.0,73041030.0,24500.0,1789505235000.0,0.0,1548.0,1,1,Thực hiện các thủ tục đăng ký hồ sơ sản phẩm thuốc ung thư. Tiếp tục phát triển mảng dược phẩm đặc trị và thiết bị y tế thông qua việc tăng tỷ lệ sở hữu tại Công ty CP Thiết bị Y tế Benovas,Đưa vào vận hành nhà máy Capsule III và tiếp tục đầu tư Nhà máy Capsule giai đoạn 5. Triển khai dự án xây dựng nhà máy sản xuất thiết bị y tế Benovas,824.0,46
DCL,2023,0.5805,0.0,0.5805,0.012,1,VND,1170473131362.0,2277459686188.0,87867999033.0,51320009991.0,162037725262.0,627515091970.0,354388431956.0,0.0,113483067196.0,913623244612.0,23315807501.0,77157673223.0,62134364376.0,1450791728528.0,826667957660.0,208593320855.0,1403123810398.0,618074636805.0,365030884166.0,399507093555.0,23517073130.0,,-0.4472,22530410039.0,-169005963843.0,222873559023.0,73041030.0,25000.0,1826025750000.0,0.0,818.0,0,1,Không có dữ liệu cụ thể về sản phẩm mới được thương mại hóa trong năm,Đầu tư xây dựng dự án Tổng kho và tòa nhà RD (R&D). Tiếp tục hoàn thiện dự án dây chuyền Capsule giai đoạn 5 với mục tiêu nâng công suất sản xuất,830.0,47
DCL,2024,0.5805,0.0,0.5805,0.0112,1,VND,1332626539204.0,2424145751708.0,90926780238.0,53947000700.0,172596412925.0,610457521152.0,540724008211.0,0.0,107650666794.0,903515614867.0,23116950097.0,68767242251.0,54145499702.0,1503192998882.0,920952752826.0,265969232795.0,1432009216451.0,654983520031.0,345751353985.0,421800566550.0,51068879639.0,,-0.132,69812952197.0,-166382224062.0,172849667642.0,73041030.0,26750.0,1953847552500.0,0.0,733.0,0,1,Tiếp tục duy trì danh mục sản phẩm hiện hữu và thực hiện các bước trong dự án thuốc ung thư; chưa ghi nhận sản phẩm mới ra mắt thực tế,Tập trung đầu tư lớn vào dự án Nhà máy tại Long An với tổng vốn đầu tư dự kiến 1.035 tỷ đồng. Hoàn tất và chuẩn bị đưa vào sử dụng dự án dây chuyền Capsule giai đoạn 5 (dự kiến tháng 01/2025),812.0,48
DP3,2020,0.3553,0.0,0.2974,0.0046,1,VND,411840963928.0,441359051536.0,82264987130.0,58118148621.0,73447771940.0,99203260313.0,,5284273544.0,51448732499.0,261929858587.0,5813877700.0,142427225662.0,114060508657.0,346448048144.0,94911003392.0,0.0,254810843838.0,94911003392.0,56385491737.0,77128259510.0,40917711483.0,,0.3788,122361322792.0,-72687759733.0,68242661820.0,8600000.0,26170.0,225062000000.0,60179604450.0,126.0,0,1,"Không có dữ liệu cụ thể. Các nguồn tài liệu tập trung vào sản xuất kinh doanh dược phẩm, hóa chất và thực phẩm bổ dưỡng truyền thống","Dự án Nhà máy Tràng Duệ: Đã hoàn thiện xong phần nhà xưởng, điện lạnh và đang lắp đặt máy móc, thiết bị; chuẩn bị đi vào sản xuất từ đầu năm 2021",313.0,58
DP3,2021,0.3996,0.0,0.2993,0.0182,1,VND,394473550573.0,443792007742.0,95483791936.0,56157269010.0,91311598197.0,100567471545.0,,4388155622.0,59653045682.0,276353910769.0,6593877699.0,116362583565.0,92927042977.0,364872065688.0,78919942054.0,0.0,253724661934.0,78919942054.0,65613149683.0,140699221261.0,24701375798.0,,-0.1853,87735499485.0,-33353446757.0,25282420806.0,8600000.0,36090.0,310374000000.0,68735468400.0,10265.0,0,1,Không có dữ liệu cụ thể. Tài liệu không trích dẫn tên sản phẩm mới ra mắt trong năm,"Vận hành nhà máy mới: Nhà máy tại KCN Tràng Duệ chính thức đi vào hoạt động. Đầu tư Phần mềm kế toán, quản lý và triển khai dự án Trụ sở Chi nhánh tại Đà Nẵng",303.0,59
DP3,2022,0.4083,0.0,0.316,0.024,1,VND,503993841708.0,507867922847.0,135063893967.0,73653462874.0,140000317491.0,117165248544.0,,5863027683.0,100277543363.0,355309019757.0,20361484765.0,136395878121.0,108824210516.0,417449924055.0,90417998792.0,0.0,310185805769.0,90417998792.0,69835124167.0,96373975969.0,21105839497.0,,0.1711,106984095093.0,60747607876.0,22403166769.0,8600000.0,31660.0,272276000000.0,51559859650.0,5062.0,0,1,Không có dữ liệu cụ thể. Duy trì các nhóm ngành nghề kinh doanh cũ,Nâng cấp hạ tầng: Triển khai dự án Xây dựng bể nước thải và đầu tư mới máy móc thiết bị với nguyên giá tăng thêm hơn 4 tỷ đồng,344.0,60
DP3,2023,0.40859,0.0,0.3,0.01,1,VND,418230694826.0,570626472946.0,74224304561.0,70393949411.0,89215950419.0,95731952411.0,,2656940881.0,51774150321.0,265477826865.0,20281484761.0,156640811621.0,125263370840.0,468472084369.0,102154388577.0,975000000.0,383751633053.0,101179388577.0,52331525699.0,130846148309.0,5374911891.0,,0.1511,153101627601.0,-102679914005.0,6403024818.0,21499933.0,59750.0,1284620996750.0,68698361400.0,5826.0,0,1,Không có dữ liệu cụ thể. Báo cáo ghi nhận sản lượng bán giảm do suy thoái kinh tế ảnh hưởng đến chi tiêu cho dược phẩm,"Mở rộng quy mô: Đầu tư dự án nhà văn phòng ở Cần Thơ; tiếp tục dự án xây dựng bể nước thải. Mua mới máy móc thiết bị trong năm trị giá hơn 4,2 tỷ đồng",287.0,61
DP3,2024,0.3113,0.0,0.3,0.009,1,VND,422590077558.0,607776710589.0,94074644645.0,45297445519.0,103306631007.0,122025992547.0,,5307782086.0,84014151668.0,280068950201.0,20201484757.0,151849335627.0,121171578583.0,518880695410.0,88896015179.0,0.0,433326056406.0,88896015179.0,43925451811.0,119625437011.0,13706392977.0,,-0.0327,91917295712.0,-11330102269.0,1464948085.0,21499933.0,55480.0,1192816282840.0,64480987100.0,5636.0,0,1,Không có dữ liệu cụ thể. Tiếp tục duy trì danh mục sản phẩm hiện có để tối ưu chi phí trong bối cảnh giá nguyên liệu đầu vào tăng,Hiện đại hóa: Tiếp tục đầu tư máy móc thiết bị (mua mới 675 triệu đồng). Quyết định chấm dứt hoạt động Chi nhánh Hải Phòng để tái cơ cấu quản lý tập trung từ 01/01/2025,221.0,62
DRC,2020,0.0023,0.5051,0.1961,0.1827,1,VND,3818765154762.0,2430709559391.0,165424975517.0,62018637199.0,528153993437.0,2047101237938.0,2664422401.0,39364864036.0,232178122562.0,2909082601640.0,3445143954.0,322095931413.0,256316778153.0,1687292788173.0,743416771218.0,1232295121.0,1311509477072.0,742184476097.0,787954880563.0,1058688241066.0,188810249299.0,,0.0231,852990018996.0,-155465448425.0,9147217800.0,118792605.0,13610.0,1616767354050.0,178188904650.0,1939.0,1,1,Nghiên cứu và đưa vào sản xuất thành công các dòng sản phẩm mới gồm: Lốp ô tô Radial không săm (Tubeless) cho xe tải nhẹ và xe khách đường dài; lốp đặc chủng (OTR) cho xe siêu trường siêu trọng phục vụ ngành khai thác khoáng sản.,Nghiệm thu đưa vào vận hành hệ thống luyện cao su tự động hóa hoàn toàn và hoàn thành dây chuyền sản xuất lốp Radial giai đoạn 2 công suất 600.000 lốp/năm.,1805.0,45
DRC,2021,0.5081,0.5051,0.1052,0.0661,1,VND,4635525403051.0,3135943084235.0,303043803506.0,65133158428.0,636017770478.0,3372023406754.0,1828282439.0,96349739406.0,384715693840.0,4380041459827.0,2737542517.0,365120013170.0,290828296486.0,1773930499344.0,1362012584891.0,2019748757.0,2114195151163.0,1359992836134.0,1429218154245.0,969110090272.0,89621165826.0,,0.1346,-67813289012.0,-173446693128.0,10469712982.0,118792605.0,20350.0,2417429511750.0,118792603100.0,22.0,0,1,,Hoàn thành lắp đặt và đưa vào sử dụng hệ thống năng lượng mặt trời áp mái công suất 4Mwp trong khuôn viên Công ty; đồng thời lắp đặt biến tần cho máy nén khí 132kw giúp giảm 30% điện năng tiêu thụ.,1734.0,46
DRC,2022,0.5102,0.5051,0.1637,0.0794,1,VND,5139167142537.0,3417798778419.0,318162074032.0,77030507250.0,642658818039.0,3750936414118.0,1140103141.0,67954568957.0,403489923718.0,4805130775791.0,2029941080.0,385315964433.0,307184677256.0,1909762920951.0,1508035857468.0,1105975000.0,2457425816063.0,1506929882468.0,1707695276561.0,895582263939.0,155305504390.0,,0.0562,28378589952.0,120773740060.0,13203284571.0,118792605.0,13370.0,1588257128850.0,201947425270.0,2323.0,1,1,"Tăng cường cải tiến đơn pha chế, đưa vào sản xuất những đơn pha chế mới thay thế những nguyên vật liệu giá cao bằng nguyên liệu phù hợp có giá thấp hơn để giảm giá thành nhưng vẫn đảm bảo chất lượng sản phẩm.","Thực hiện thành công hàng loạt sáng kiến cải tạo dây chuyền và tối ưu hóa năng lượng nhằm tăng năng suất. Tiêu biểu: Cải tạo dây chuyền ép đùn săm XĐXM, đại tu hệ thống máy lưu hóa/thành hình lốp ô tô bias, nâng cấp dây chuyền luyện kín; đồng thời chuyển đổi quy trình sử dụng nhiệt từ cao áp sang thấp áp tại Xí nghiệp Radial giúp tiết kiệm 36.146 tấn hơi/năm.",1748.0,47
DRC,2023,0.5108,0.5051,,0.1366,1,VND,4657643187359.0,3384337031687.0,267776629376.0,71901263344.0,711206232806.0,2870804143001.0,845225094.0,83503370256.0,493122044940.0,3948720561684.0,1322339643.0,306964633769.0,246334432758.0,1851377596883.0,1532959434804.0,24819284014.0,2291883109458.0,1508140150790.0,1184285293041.0,933932576156.0,320742090585.0,,-0.1981,585163446028.0,-126327350730.0,223619045897.0,118792605.0,19050.0,2262999125250.0,213826582980.0,2074.0,1,1,Nghiên cứu và sản xuất thương mại thành công 2 dòng sản phẩm mới: Lốp đặc chủng toàn thép quy cách 16.00R25 (lần đầu tiên sản xuất tại Việt Nam) và Lốp đặc chủng 24.00-35 kiểu hoa 771 sử dụng công nghệ bán thép hoàn toàn mới.,"Thực hiện nâng cấp sâu rộng quy trình công nghệ dây chuyền và tối ưu hóa năng lượng năm 2023. Về phần cứng: nâng cấp hệ thống điện ép đùn OEĐ-01, thay thế băng tải làm nguội DC270-06 và đại tu máy thành hình/máy lưu hóa lốp bias. Về năng lượng: khắc phục rò rỉ khí nén/hơi nhiệt và thay thế hệ thống chiếu sáng tiết kiệm, giúp doanh nghiệp tiết kiệm hàng ngàn tấn hơi nhiệt và hàng trăm ngàn kWh điện trong năm.",1753.0,48
DRC,2024,0.5121,0.5051,,,1,VND,4852424350104.0,4200077502846.0,347997609515.0,94522930660.0,780232173537.0,3350377236396.0,3039846282.0,95852667791.0,513019892759.0,4510534712917.0,791638560.0,290555834327.0,231618562349.0,1915455791676.0,2284621711170.0,145621860414.0,2794028277059.0,2138999850756.0,1490852248679.0,1210473546507.0,220742923592.0,,-0.0597,-108240603482.0,-237747709631.0,336806128988.0,118792605.0,21270.0,2526718708350.0,230697013453.0,195.0,1,1,"Sản xuất thành công và đưa vào sử dụng thực tế dòng sản phẩm cao su kỹ thuật hoàn toàn mới - Đệm va cầu cảng tại Cảng Chân Mây. Đồng thời, nghiên cứu cải tiến thành công dòng lốp đặc chủng chịu địa hình khắc nghiệt cho Tập đoàn Than Khoáng sản và liên tục phát triển thêm nhiều quy cách/kiểu hoa lốp xe tải mới.","Thực hiện thành công can thiệp vật lý và nâng cấp dây chuyền nhằm tăng năng suất: Đại tu hệ thống máy lưu hóa, nâng cấp giàn băng tải làm nguội dây chuyền luyện kín (DC100-02); đồng thời lắp đặt biến tần 200kw cho bơm nước quá nhiệt tại trạm động lực Radial giúp tiết kiệm 408.000 kWh điện (tương đương tiết kiệm 795 triệu đồng/năm).",,49
GDT,2020,0.1158,0.0,0.1388,0.1982,1,VND,402975121341.0,398861534893.0,18463050825.0,19711407867.0,29033631018.0,124392797532.0,,10382338460.0,21678895033.0,301041335753.0,56221210263.0,99577405221.0,79976973106.0,270534368867.0,128327166026.0,4395501118.0,296180915326.0,123931664908.0,71277351429.0,41945410408.0,896972677.0,,0.0776,71593742442.0,3490884439.0,57906496231.0,16867808.0,21540.0,363332584320.0,84546971800.0,4584.0,0,1,,"Sử dụng công nghệ số trong kinh doanh của GDT bằng việc triển khai thành công hệ thống phần mềm quản lý công việc để tiết giảm chi phí, đồng thời xây dựng và ra mắt Showroom 3D thực tế ảo để đẩy mạnh kênh bán hàng online.",1067.0,29
GDT,2021,0.115,0.0,0.2167,0.2512,1,VND,340145626776.0,380965039531.0,14748419315.0,23006786668.0,27587300409.0,120179617492.0,,19288818569.0,18115675060.0,282073939193.0,54577890137.0,76530085979.0,60786014194.0,265392890351.0,115572149180.0,4301927770.0,228510699557.0,111270221410.0,94354774960.0,42234488931.0,896972677.0,,-0.24,34347820262.0,38280038704.0,5036457900.0,19437036.0,35580.0,691569740880.0,71084787000.0,3034.0,0,1,,Chính thức triển khai hệ thống phần mềm quản trị doanh nghiệp (ERP) áp dụng cho tất cả các phần hành từ khối sản xuất đến khối văn phòng nhằm tinh giản nhân sự và tối ưu hóa chuỗi kết quả làm việc.,1223.0,30
GDT,2022,0.1139,0.0,0.201,0.238,1,VND,401582500817.0,406005991149.0,18038802215.0,32557754127.0,34807652986.0,138799404012.0,,13301829549.0,23130899041.0,323491312442.0,52866229071.0,88122402522.0,69270226003.0,294350657858.0,111655333291.0,3970726937.0,295075353154.0,107684606354.0,97016806177.0,44010843090.0,19510897861.0,,0.1396,1011490390.0,80523189369.0,17259781248.0,21301282.0,22850.0,486734293700.0,38728077000.0,3154.0,0,0,,,1024.0,31
GDT,2023,0.1114,0.0,0.1099,0.1239,1,VND,313867666225.0,408907473086.0,17249650459.0,27624956562.0,34600784754.0,163944636580.0,,16586167153.0,20816420670.0,298066262352.0,54766818459.0,45431039182.0,36692331691.0,291656074161.0,117251398925.0,2646107049.0,271943803007.0,114605291876.0,91952967897.0,73939302553.0,22885155092.0,,-0.4703,31909948235.0,-32606741352.0,8270271388.0,21478882.0,17750.0,381250155500.0,42433857699.0,1452.0,0,1,,"Công ty đã giải ngân 5,5 tỷ đồng để trực tiếp đầu tư nâng cấp máy móc thiết bị và cải tạo hệ thống hạ tầng nhà xưởng, đáp ứng các tiêu chuẩn sản xuất quốc tế (như BSCI, SMETA) nhằm tối ưu hóa năng suất và quy trình chế biến gỗ thực tế.",1181.0,32
GDT,2024,0.3477,0.0,0.0918,0.1111,1,VND,336789909965.0,524242162804.0,17057212748.0,37783335132.0,49843908961.0,91071440190.0,5211269009.0,10700895406.0,25193436382.0,258881786026.0,21088604927.0,70284908467.0,54893926778.0,298180174714.0,226061988090.0,82867012884.0,230246849340.0,143194975206.0,73223354674.0,61537551018.0,5169758218.0,,-0.49606,107812295514.0,-159539982677.0,172612320423.0,23596947.0,24600.0,580484896200.0,45060181550.0,2167.0,0,0,,,636.0,33
GIL,2020,0.1743,0.0,0.088,0.0388,1,VND,3456745184577.0,2708562072250.0,122823843859.0,110666493810.0,881327238242.0,1664526917454.0,2628899471.0,102546210119.0,677725168975.0,2955707877284.0,21168299791.0,395802088386.0,309277202618.0,1289987680609.0,1418574391641.0,0.0,2160533294847.0,1415974391641.0,511202420610.0,164293320927.0,586830349036.0,,0.9237,250853953466.0,-370224521308.0,63045256992.0,34563169.0,20240.0,699558540560.0,51751862925.0,10388.0,0,0,,,,38
GIL,2021,0.174,0.0,0.0846,0.0521,1,VND,4150320316468.0,3765800622277.0,155965433704.0,156288786389.0,1397647348641.0,2043668308397.0,5624626000.0,171246920805.0,1124969236268.0,3901722671412.0,29297443463.0,432000899050.0,330633107637.0,1610439547434.0,2155361074843.0,68006360000.0,3153040220084.0,2084754714843.0,749348150440.0,229887095648.0,762046836657.0,,0.0695,114474540725.0,-142849401782.0,94369115263.0,41763169.0,37610.0,1570712786090.0,34556211175.0,8965.0,1,1,"sản xuất chủ yếu hàng may gia dụng, balo/túi xách, sản phẩm kim loại và thiết bị chiếu sáng; nguyên liệu chính gồm vải, mousse, chỉ, nhãn, giấy và nhựa.","tối ưu chuỗi cung ứng, áp dụng LEAN, từng bước tự động hóa và kiểm soát môi trường, lao động; năm 2021 có số liệu về điện, nước, nước thải, rác thải, tái chế và đào tạo nhân sự.",2750.0,39
GIL,2022,0.1411,0.0,0.0895,0.025,1,VND,3166709117208.0,3988337367283.0,61436683707.0,184319410486.0,1222640035643.0,2038767702249.0,0.0,297781968506.0,940486620140.0,3681976735834.0,28613245982.0,458857643310.0,361392800018.0,2511658868661.0,1476678498622.0,143135790000.0,3492441927983.0,1329859942431.0,1253925625812.0,227011229114.0,759064914351.0,,0.0953,-92899023365.0,-228479768242.0,26698916497.0,67038816.0,12620.0,846029857920.0,58295237500.0,6727.0,1,1,"GIL kinh doanh chính trong lĩnh vực sản xuất và xuất khẩu hàng dệt may gia dụng. Danh mục sản phẩm gồm home textiles, storage/laundry bags, duffel bags, backpacks, outdoor textile products, children’s textile products và lampshades.","GIL vận hành hoạt động sản xuất dệt may với khoảng 70 chuyền sản xuất, hơn 5.000 lao động lành nghề, có kiểm soát nhà thầu phụ theo phê duyệt của khách hàng, cho phép kiểm tra tuân thủ tại nhà máy và duy trì hồ sơ chứng minh compliance.",2154.0,40
GIL,2023,0.1401,0.0,0.1328,,1,VND,936395864836.0,3357159038688.0,4768816127.0,155116113077.0,346316242590.0,549036974186.0,0.0,391618791522.0,227775998597.0,1150804268253.0,27559702634.0,-51065088896.0,28881350991.0,2543572284757.0,813586753931.0,169998234176.0,2873181555790.0,641499414655.0,1364067752069.0,221693784779.0,674805198823.0,,-0.9213,-319308126146.0,722804887263.0,21899658883.0,68038816.0,17160.0,1167546082560.0,151041500.0,419.0,1,1,"Đẩy mạnh áp dụng LEAN và tự động hóa sản xuất, tinh gọn cơ cấu tổ chức và chuyền sản xuất, đồng thời cải tiến kỹ thuật và quy trình để giảm hao hụt, tăng năng suất và chất lượng.","Đẩy mạnh phát triển và đa dạng hóa sản phẩm, đồng thời phối hợp với khách hàng để mở rộng nguồn hàng và tìm kiếm khách hàng mới.",1165.0,41
GIL,2024,0.1372,0.0,0.0953,0.015,1,VND,711479404991.0,3262218779672.0,5879399503.0,168978582834.0,555943547164.0,314821768256.0,0.0,665760955255.0,275827738059.0,1048689854352.0,26194562494.0,-1599003031.0,27630802360.0,2560824610095.0,701394169577.0,266951175799.0,2771023974593.0,432012612113.0,1647039456155.0,211880742180.0,484495567200.0,,-0.0839,-211174034271.0,-32265325587.0,19974669391.0,98748734.0,20800.0,2053973667200.0,0.0,374.0,1,1,"Áp dụng LEAN toàn bộ chuyền sản xuất, tiếp tục đầu tư tự động hóa và cải tiến máy móc; đồng thời tái tổ chức chuỗi cung ứng và hệ thống kho vận để tăng năng suất, tối ưu tồn kho và hỗ trợ giao hàng.","Tập trung R&D và phối hợp với khách hàng để đa dạng hóa, đẩy nhanh ra mắt sản phẩm; mở rộng sang thú nhồi bông bên cạnh ngành hàng truyền thống và tăng nguồn lực phát triển sản phẩm để mở rộng khách hàng.",1042.0,42
HT1,2020,0.000295,0.7969,0.8858,0.0591,1,VND,8440110589235.0,10040531016689.0,150250619058.0,200576130373.0,1809320071765.0,4479779017353.0,16879951973.0,15816811225.0,1152773403196.0,6914182394975.0,95155070034.0,793803379608.0,608014439439.0,5392466206858.0,4648064809831.0,19455063365.0,2332897939091.0,4628609746466.0,716899613489.0,6239092026311.0,422590077558.0,,-0.179,1249092519118.0,-83690317157.0,93349740905.0,381589911.0,15390.0,5872668730290.0,92486856280.0,1593.0,1,1,"Công ty tăng sử dụng nguyên, nhiên vật liệu thay thế như tro bay, xỉ, cát kết trong sản xuất xi măng và clinker với tỷ lệ 3–10%, nhằm giảm giá thành, tiết kiệm tài nguyên và bảo vệ môi trường; đồng thời thử nghiệm nhiều loại trợ nghiền mới để tối ưu hóa định mức.","Chất lượng xi măng và clinker được duy trì ổn định; độ lệch chuẩn cường độ 28 ngày đều dưới 1 MPa, đáp ứng tốt yêu cầu sản xuất và tiêu thụ.",2438.0,56
HT1,2021,0.000679,0.7969,0.8258,0.0182,1,VND,7470381177162.0,8882950627392.0,130537061567.0,168202065301.0,1690262391972.0,4185087043276.0,14134130012.0,15540682668.0,1106451377592.0,6522722366576.0,95310106135.0,481071974099.0,371530614685.0,5218527757930.0,3664422869462.0,16055872526.0,1527866106711.0,3648366996936.0,667174415696.0,5763638916086.0,296219053798.0,,-0.3928,736244232176.0,-115003212469.0,125080427940.0,381589911.0,20660.0,7883647561260.0,637191896150.0,617.0,1,1,"Tiếp tục duy trì sử dụng nguyên, nhiên vật liệu thay thế với tỷ lệ 3–10%; đồng thời hoàn thành đánh giá tác động môi trường nhằm tối ưu hóa, nâng công suất và sử dụng chất thải thông thường làm nguyên/nhiên liệu thay thế tại Nhà máy Kiên Lương và Nhà máy Bình Phước.","Chất lượng clinker tiếp tục được duy trì ổn định, đáp ứng mục tiêu đề ra; lò nung Bình Phước và lò nung 1, 2 Kiên Lương đều đạt mác R28 > 54 MPa.",2403.0,57
HT1,2022,0.028,0.7969,0.8391,0.0338,1,VND,9473516917030.0,9385057537636.0,179031550328.0,241863816808.0,1755846689498.0,6179659243492.0,20981092239.0,14259916443.0,1183974669076.0,8629897349763.0,104567727517.0,334068039460.0,257965895636.0,5112622180527.0,4272435357109.0,17052443430.0,2372965174466.0,4255382913679.0,1044109542055.0,5334570231936.0,675607103925.0,,-0.3057,586458369908.0,-187397911001.0,193692014899.0,381589911.0,9950.0,3796819614450.0,254031753850.0,295.0,1,1,"Công ty nghiên cứu tối ưu hóa sản xuất, cải tạo thiết bị để sử dụng than có nhiệt trị thấp và thích ứng với nhiều chủng loại than thực tế; đồng thời đẩy mạnh số hóa chuỗi tiêu thụ và logistics qua Websale, App Mobile, DMS và công nghệ RFID tại các trạm nghiền; bên cạnh đó xây dựng và áp dụng Tiêu chuẩn cơ sở về yêu cầu kỹ thuật an toàn cho hoạt động sản xuất.","Chất lượng xi măng được duy trì ổn định, đáp ứng yêu cầu thị trường và kiểm soát chặt nguyên liệu đầu vào; chất lượng clinker đạt mục tiêu với Lò nung Bình Phước: R28 > 55 MPa và Kiên Lương: R28 > 54 MPa.",2418.0,58
HT1,2023,0.02804,0.7969,0.849,0.035,1,VND,7541572367977.0,8623749977278.0,174002877569.0,242378339254.0,1683701447506.0,4569925983105.0,17268595384.0,16024258418.0,1135048695349.0,6960730877517.0,103892753156.0,34053878350.0,17964892077.0,4832911358204.0,3790838619074.0,19713982277.0,1968851936864.0,3771124636797.0,846615468085.0,4897487031300.0,607069497529.0,,-0.9304,482481017872.0,-143460509341.0,147603298130.0,381589911.0,11930.0,4552367638230.0,140838341900.0,2.0,1,1,Công ty tiếp tục cải tạo thiết bị để sử dụng than nhiệt trị thấp và tăng cường dùng nhiên liệu thay thế nhằm tiết giảm chi phí; đồng thời thành lập Ban chỉ đạo chuyển đổi số để triển khai đề án chuyển đổi số đến năm 2025 và thi công kho chứa rác làm nhiên liệu thay thế tại Nhà máy Kiên Lương.,"Công ty liên tục ra mắt sản phẩm mới theo thị hiếu thị trường, gồm Green PCB40 (bao 50kg) cho công trình/dự án, PCB50 (bao 40kg) ở phân khúc giá cao tại Tây Nam Bộ, và Power Cement để cạnh tranh với xi măng giá rẻ; đồng thời xuất khẩu thành công lô xi măng ASTM C150 Type I (bao 40kg) đầu tiên sang thị trường Mỹ.",2461.0,59
HT1,2024,0.0,0.7969,0.824,0.013,1,VND,7360182839307.0,8223355674148.0,185589405232.0,284594667829.0,1748281004463.0,4110563639340.0,14471778160.0,15693529615.0,1189545927954.0,6598127073381.0,640915084080.0,88836313840.0,60362419520.0,4832911358204.0,3348030896424.0,21027923835.0,1903995283234.0,3327002972589.0,646113879205.0,4432838028375.0,848514761917.0,,2.3927,571984569216.0,-92424305508.0,109271761124.0,381589911.0,11640.0,4441706564040.0,172344136800.0,158.0,1,1,"Công ty chủ động giảm năng suất lò để tránh đổ bãi, đồng thời tăng cường sử dụng nguyên, nhiên vật liệu thay thế; cụ thể, thử nghiệm xỉ thép thay đá Laterite và thử nghiệm nhiên liệu RDF (tái chế từ rác thải sinh hoạt) để bù đắp thiếu hụt chất thải rắn công nghiệp. Ngoài ra, công ty tiết giảm chi phí sửa chữa bằng cách tăng khối lượng tự làm, giảm thuê ngoài.","Công ty ra mắt sản phẩm mới “Hà Tiên 2 - PCB40 bao 50kg” từ ngày 11/10/2024 nhằm cạnh tranh trực tiếp với xi măng giá rẻ và hàng giả, nhái thương hiệu. Đồng thời, các sản phẩm ra mắt trước đó như Green PCB40 và Power Cement tiếp tục tăng trưởng mạnh, bù đắp cho sự sụt giảm của các sản phẩm truyền thống.",2418.0,60
LAS,2020,0.001,0.69816,0.02545,0.00102,1,VND,2383515290969.0,1781437230682.0,197647911734.0,136677616086.0,524940271902.0,2060964360553.0,16184883247.0,165232346378.0,384359781527.0,2853575877560.0,54963631.0,40111854226.0,29028973894.0,1267176283885.0,514260946797.0,0.0,92424305508.0,514260946797.0,596829102960.0,301633846840.0,72612766255.0,,,936420659099.0,-36189763708.0,38311962152.0,112856400.0,6730.0,759523572000.0,0.0,24311.0,1,1,"Công ty hoàn thành nghiệm thu dự án cải tạo, nâng cấp công đoạn nấu chảy lưu huỳnh và tháp sấy không khí tại Xí nghiệp Axit vào tháng 2/2020.","Tháng 12/2020, Công ty nghiên cứu thành công.",,58
LAS,2021,0.0009,0.69816,0.01017,0.00054,1,VND,2905509653199.0,2295101707452.0,140264805637.0,147089574372.0,450166457822.0,2903348546174.0,16975956436.0,160247320918.0,322860585170.0,3656077748392.0,228703703.0,79008021812.0,67024386618.0,1332473670503.0,962628036949.0,0.0,1960465923047.0,962628036949.0,976567532656.0,302824879373.0,18309687976.0,,1.3089,-52462729298.0,-404680595567.0,34499008436.0,112856400.0,17530.0,1978372692000.0,0.0,52642.0,1,1,"Đặc biệt, từ ngày 01/01/2021, Công ty đã triển khai áp dụng thành công giải pháp Tem thông minh gắn mã QR-code trên bao bì để quản lý vòng đời sản phẩm, chống hàng giả và truy xuất nguồn gốc.", Tháng 1/2021 bắt đầu xuất bán dòng sản phẩm mới: Phân bón Hữu cơ khoáng Lâm Thao và bộ sản phẩm NPK-S hàm lượng dinh dưỡng cao thế hệ mới,2000.0,59
LAS,2022,0.0009,0.69816,0.00527,0.00029,1,VND,3267001736314.0,2285373146179.0,134045570129.0,200373321536.0,529199749153.0,3389448650090.0,19263495650.0,265009208347.0,350002430716.0,4237710686281.0,1576256098.0,115273541658.0,93707521783.0,1350319162507.0,935053983672.0,0.0,1953958309772.0,935053983672.0,1237693824568.0,294455226307.0,45770154453.0,,0.3208,-140062807492.0,286961499435.0,43379941546.0,112856400.0,6520.0,735823728000.0,67725840000.0,74854.0,1,1,"Công ty cải tiến thiết bị công nghệ tại dây chuyền NPK4, chuyển từ vê viên đĩa quay sang vê viên bằng thùng quay; đồng thời triển khai giải pháp tối ưu chống đóng cứng, vón cục cho sản phẩm NPK-S. Công ty cũng xây dựng và áp dụng hệ thống quản lý an toàn, sức khỏe nghề nghiệp ISO 45001:2018, được Tổ chức TUV Nord cấp chứng nhận; ngoài ra, đề tài Tem thông minh QR-code đã đạt Giải Nhất Hội thi sáng tạo kỹ thuật tỉnh Phú Thọ.","Công ty ra mắt sản phẩm mới Supe lân vi sinh Lâm Thao, kết hợp phân bón vô cơ và vi sinh vật có ích, phù hợp xu hướng nông nghiệp xanh; đồng thời, nhờ cải tiến chất lượng đáp ứng các yêu cầu kỹ thuật khắt khe về độ ẩm, kích cỡ hạt, độ tan, công ty đã xuất khẩu thành công trên 3.000 tấn phân bón sang Nhật Bản và Hàn Quốc.",1856.0,60
LAS,2023,0.00085,0.6982,0.0304,0.0123,1,VND,3567874263018.0,2360489690110.0,159500472094.0,210303404341.0,567086797940.0,3183966052163.0,18106468750.0,168391354024.0,402908116487.0,4150240726359.0,999959602.0,181042348031.0,148538242312.0,1421709236917.0,938780453193.0,0.0,2049009043386.0,938780453193.0,1037752285779.0,283995848035.0,22645161919.0,,0.5851,829084291844.0,-693394021000.0,69454428880.0,112856400.0,12730.0,1436661972000.0,67713840000.0,11764.0,1,1,"Công ty xử lý thành công tình trạng kết khối phân bón, lần đầu xuất bán thẳng 100% các sản phẩm phân bón thúc và bón lót, đồng thời cải tiến nâng cao độ tan rã nhanh cho phân bón thúc. Bên cạnh đó, công ty đưa vào sử dụng đồng bộ hệ thống quan trắc khí thải online và thay đổi chất liệu, cải tiến mẫu mã bao bì cho 2 sản phẩm chủ lực là Supe lân và NPK 5-10-3.","Công ty ra mắt thêm 06 loại phân bón mới chứa vi sinh, gồm các dòng NPK-S vi sinh và Hữu cơ khoáng vi sinh; qua đó hình thành bộ sản phẩm mới hoàn chỉnh có bổ sung vi sinh vật hữu ích, phục vụ tái cơ cấu ngành nông nghiệp.",1845.0,61
LAS,2024,0.00075,0.6982,0.0542,0.0177,1,VND,3599953347991.0,2642749177107.0,186515846472.0,246560118402.0,629938394388.0,3122908715237.0,7604860538.0,196361057833.0,434685049380.0,4211201380119.0,444959423.0,219290289959.0,168674268388.0,1461496481798.0,1181252695309.0,0.0,2271310188354.0,1181252695309.0,1335844035666.0,329221940976.0,21620022703.0,,0.1356,-87647048556.0,-116643642498.0,56212852462.0,112856400.0,20260.0,2286470664000.0,112856400000.0,13451.0,1,1,"Công ty tập trung triển khai các giải pháp giảm phát thải khí nhà kính (GHG), gồm tận dụng hơi nhiệt thừa để sản xuất điện, dùng nhiệt sinh khối thay than và sử dụng xe nâng điện thay xe chạy dầu Diesel. Về môi trường, 100% nước sản xuất được tuần hoàn, không xả thải ra môi trường; khí thải Axit được xử lý triệt để, bảo đảm hàm lượng SO₂ dưới giới hạn cho phép. Công ty cũng tiếp tục sử dụng Tem thông minh QR-code trên bao bì để bảo vệ sản phẩm và người tiêu dùng.","Công ty quản lý chặt chẽ để sản phẩm đưa ra thị trường luôn đủ khối lượng, đúng hàm lượng dinh dưỡng đã đăng ký; đồng thời đẩy mạnh tiếp thị bộ sản phẩm vi sinh và tiếp tục nghiên cứu, phát triển thêm các sản phẩm vô cơ và hữu cơ khoáng mới.",1837.0,62
LIX,2020,7.5e-05,0.51,0.58,0.12,1,VND,2991900989956.0,1017668765998.0,337015226625.0,107522728902.0,378099921963.0,1943217415064.0,104954070033.0,2653653586.0,187309782330.0,2538315115679.0,42672431230.0,296315077155.0,230108370018.0,637494264066.0,380174501932.0,7903944166.0,557214992961.0,372270557766.0,278307687621.0,358011895095.0,3599953347991.0,,0.2849,127811154102.0,-112035076031.0,116575987617.0,32400000.0,20760.0,672624000000.0,129600000000.0,6381.0,1,1,"Công ty đầu tư tự động hóa các dây chuyền sản xuất, đồng thời chuẩn hóa quy trình tác nghiệp và tài liệu đào tạo nội bộ, với 682 tài liệu hướng dẫn công việc (SOP) được ban hành mới và cập nhật. Bên cạnh đó, công ty đẩy mạnh ứng dụng phần mềm thông qua việc hoàn thành bản chạy thử phần mềm đào tạo Elearning.","Công ty cải tiến các sản phẩm hiện có và đẩy mạnh dòng sản phẩm mới On1 lấy cảm hứng từ thiên nhiên, đặc biệt là nước rửa tay khô đáp ứng nhu cầu phòng dịch Covid-19; đồng thời ra mắt thành công bộ đôi dầu gội và sữa tắm tinh dầu Iron & Stone dành cho nam giới.",1132.0,48
LIX,2021,0.0001,0.51,0.5956,0.0895,1,VND,2652839724795.0,1167643782265.0,216970509002.0,105192726981.0,283177435459.0,1783404094830.0,146282039779.0,2555427225.0,124944494828.0,2274943851826.0,41450463994.0,210589204135.0,167366172212.0,749100599276.0,418543182989.0,8340442097.0,698240683217.0,410202740892.0,310691408767.0,368856958085.0,140952448994.0,,-0.2727,213004165395.0,-53647946127.0,54157927857.0,32400000.0,19670.0,637308000000.0,32400000000.0,4640.0,1,1,"Công ty áp dụng mô hình sản xuất “3 tại chỗ” để thích ứng với dịch bệnh; đồng thời chuẩn hóa quy trình sản xuất theo hướng hiện đại hóa, tự động hóa và áp dụng hiệu quả các công cụ quản lý TPM, 5S, ISO. Bên cạnh đó, công ty tiếp tục ứng dụng phần mềm ERP và AI để dự báo tình hình kinh doanh và quản lý thông tin.",Công ty xây dựng hệ thống tiêu chuẩn chặt chẽ từ nguyên liệu đầu vào đến thành phẩm và hướng dẫn vận hành máy móc; đồng thời nâng cao năng lực đội ngũ kiểm tra chất lượng (KCS) để loại bỏ sản phẩm lỗi ngay từ đầu. LIXCO cũng định hướng tiếp tục phát huy các sản phẩm cho nam giới và chuẩn bị điều kiện ra mắt mỹ phẩm cho nữ giới.,1063.0,49
LIX,2022,7.5e-05,0.51,0.5857,0.0846,1,VND,2858219047795.0,1232208049963.0,287097887793.0,118146663247.0,358089639552.0,1877409723065.0,134412647846.0,12072365406.0,167703363513.0,2454971241467.0,40228496758.0,262385326909.0,213199805317.0,848140537372.0,384067512591.0,7073317431.0,698240683217.0,376994195160.0,278488216902.0,368263295265.0,193849654151.0,,0.2739,164367644726.0,-14205765426.0,41805231179.0,32400000.0,17150.0,555660000000.0,97200000000.0,5791.0,1,1,"Công ty tiếp tục đầu tư máy móc tự động hóa để giảm sức lao động, tăng năng suất và giảm chi phí; đồng thời quản lý, kiểm soát chặt chẽ các hệ thống xử lý môi trường gồm nước thải, khí thải, bụi, bảo đảm đạt tiêu chuẩn QCVN trước khi xả thải.","Công ty xây dựng tiêu chuẩn đầu vào bảo đảm 100% nguyên liệu và bao bì đạt chuẩn; đồng thời nghiên cứu thành công và ra mắt thêm các sản phẩm thuộc dòng On1 (Nước tẩy quần áo màu, Nước ủi quần áo), Iron & Stone, và sản xuất nhãn riêng cho chuỗi siêu thị Winmart. Bên cạnh đó, công ty duy trì hệ thống quản lý chất lượng gồm ISO 9001:2015, ISO 22716 và GMPC.",1186.0,50
LIX,2023,0.0001,0.51,0.5667,0.0665,1,VND,2891076118000.0,1306036657254.0,230590034749.0,138233135745.0,324666617105.0,1872177277722.0,137599172558.0,6623191020.0,145825333089.0,2442575075289.0,39072993119.0,253754692174.0,190041104444.0,882335403670.0,423701253584.0,8040967559.0,824478273899.0,415660286025.0,241123963921.0,379616618247.0,269584941284.0,,-0.0919,246905946588.0,-57752732545.0,66510907484.0,32400000.0,23740.0,769176000000.0,113400000000.0,2666.0,1,1,"Công ty rà soát hệ thống quản trị chuỗi cung ứng và cải tiến quy trình sản xuất nhằm loại bỏ tối đa các thao tác dư thừa; đồng thời số hóa các biểu mẫu, đưa dữ liệu yêu cầu chất lượng vật tư và hướng dẫn đóng gói lên phần mềm quản lý.","Công ty nghiên cứu thành công 4 sản phẩm mới, đồng thời cải tiến công thức và bao bì cho hơn 25 sản phẩm, nổi bật có Nước giặt/Bột giặt Lix Sạch thơm và Bọt rửa tay On1; bên cạnh đó, công ty đẩy mạnh nâng cao chất lượng sản phẩm theo định vị organic hoặc eco-friendly.",1166.0,51
LIX,2024,0.000185,0.51,0.5797,0.0311,1,VND,3009025905833.0,1396468412748.0,206147893413.0,163251323930.0,320592360247.0,1937866653795.0,123779245664.0,2870695162.0,157798427412.0,2514016105125.0,37840419827.0,256028353966.0,201513867351.0,936963886338.0,459504526410.0,8405538402.0,918555014948.0,451098988008.0,230963578690.0,377663023777.0,373276791759.0,,0.0604,260276803849.0,-59423540944.0,68417346322.0,64800000.0,32180.0,2085264000000.0,97200000000.0,2793.0,1,1,"Công ty đầu tư hơn 37 tỷ đồng để nâng cấp máy móc, nổi bật là hệ thống robot tự động xếp thùng lên pallet tại các nhà máy; đồng thời vận hành chính thức Phần mềm Quản lý chất lượng và Phần mềm ghi nhận/giải quyết khiếu nại khách hàng nhằm giảm giấy tờ in ấn. Bên cạnh đó, công ty thực hiện trách nhiệm mở rộng của nhà sản xuất (EPR), thu gom và tái chế 35,5% tổng khối lượng bao bì giấy, carton.","Công ty ra mắt thương hiệu mỹ phẩm chăm sóc gia đình Bondy Care (dầu gội, sữa tắm) và Viên giặt Lix; về chất lượng, 100% lô hàng được kiểm tra với tỷ lệ đạt trên 99,6%. Ngoài ra, công ty đã đánh giá 53 nhà cung cấp để kiểm soát vật tư đầu vào và xây dựng hệ thống an toàn sản phẩm theo tiêu chuẩn BRC CP 4 tại Chi nhánh Bắc Ninh.",1153.0,52
NET,2020,0.0,0.36,0.53,,1,VND,1490490627534.0,695640970403.0,165894616967.0,32240382521.0,196437846525.0,1057792185815.0,2201196030.0,2111388897.0,,1323762737790.0,481041677.0,153272060246.0,133411232580.0,387122523781.0,308518446622.0,100000000.0,388752612343.0,308418446622.0,198920247289.0,249312450592.0,39563916661.0,,0.6446,70037747154.0,-24549126480.0,9565978451.0,22398374.0,41190.0,922589025060.0,53755436400.0,5956.0,1,1,"Công ty đầu tư cho quản trị nội bộ thông qua ứng dụng phần mềm, đồng thời cải tiến quy trình sản xuất, nâng cao năng suất bằng việc lắp thêm máy đóng gói tự động và máy ép miệng túi. Bên cạnh đó, công ty duy trì chứng nhận GMP theo tiêu chuẩn ISO 22716:2007.","Công ty đẩy mạnh nghiên cứu phát triển sản phẩm mới, đồng thời thay đổi bao bì, đa dạng hóa mẫu mã và mùi hương; nhờ đó, sản phẩm NETCO liên tục đạt danh hiệu Hàng Việt Nam chất lượng cao.",567.0,52
NET,2021,0.0,0.36,0.5309,,1,VND,1479644749575.0,704509866629.0,144799293382.0,30422708458.0,221034648045.0,1068096442291.0,9294333951.0,4058318917.0,,1356870024055.0,417541685.0,128009313792.0,113363537475.0,358090817256.0,346419049373.0,100000000.0,405908491608.0,346319049373.0,201792623838.0,245161160588.0,41410827367.0,,-0.1503,154417747218.0,-17892562589.0,13064529970.0,22398374.0,41540.0,930428455960.0,134388591000.0,5061.0,1,1,"Trong giai đoạn dịch bệnh, công ty áp dụng thành công mô hình “3 tại chỗ”, giữ vững danh hiệu “Nhà máy xanh” với không có ca F0, qua đó duy trì chuỗi cung ứng. Đồng thời, công ty tiếp tục đầu tư nâng công suất cho máy đóng gói tự động và máy ép miệng túi để đáp ứng xu hướng chuyển sang chất tẩy rửa lỏng.",Công ty duy trì đà kinh doanh ở các mặt hàng chủ lực và tận dụng nền tảng thương mại hiện đại của Tập đoàn Masan với hơn 3.000 siêu thị để gia tăng điểm bán sản phẩm.,555.0,53
NET,2022,0.0,0.36,0.5225,0.0091,1,VND,1540164943720.0,758946958924.0,146079486157.0,27361231933.0,245371331388.0,1121435414843.0,12451558270.0,2202474983.0,,1432476795342.0,354041693.0,102145374681.0,88155063012.0,334254010268.0,424692948656.0,100000000.0,481207043158.0,424592948656.0,204562354324.0,226192624290.0,192322689219.0,,-0.2224,46893101007.0,92977203451.0,1313816600.0,22398374.0,34910.0,781927236340.0,111990492500.0,3936.0,1,1,"Công ty sắp xếp lại dây chuyền sản xuất, bố trí lại nguồn nhân lực, tiết kiệm nguyên nhiên liệu đầu vào và cải tiến bao bì. Đồng thời, 100% nguyên liệu đầu vào trước khi sản xuất đều được Phòng Quản lý chất lượng kiểm tra nghiêm ngặt và đối chiếu số liệu báo cáo hàng ngày/tuần để tránh thất thoát.",Năm 2022 ghi nhận năm thứ 14 liên tiếp (2008–2022) các dòng sản phẩm của công ty đạt danh hiệu Hàng Việt Nam chất lượng cao do người tiêu dùng bình chọn.,442.0,54
NET,2023,0.0,0.36,0.5225,0.0094,1,VND,1831351012651.0,893814199420.0,243843986221.0,38492665503.0,274938002631.0,1257770711559.0,180003328.0,0.0,,1615211203554.0,290541691.0,203090172596.0,178434758238.0,434294459506.0,459519739914.0,178710000.0,625160914563.0,459341029914.0,175459650739.0,209439049788.0,263529637698.0,,1.0241,187710822072.0,-108780923819.0,13156813714.0,22398374.0,56080.0,1256100813920.0,78393294000.0,7966.0,1,1,"NETCO triển khai mô hình DMS để theo dõi tồn kho, quản lý khuyến mãi; đồng thời đưa vào vận hành hệ thống ERP ORACLE nhằm kết nối thông tin liên thông giữa các khâu lập kế hoạch, mua hàng, sản xuất và bán hàng. Công ty cũng hoàn thành chứng nhận ISO 14001:2015 về quản lý môi trường và ISO 45001:2018 về an toàn, sức khỏe nghề nghiệp.",Sản phẩm được cải tiến thông qua việc nâng cao các giải pháp và hệ thống kiểm soát chất lượng; đồng thời công ty tiếp tục duy trì chuỗi 15 năm liên tục đạt danh hiệu Hàng Việt Nam chất lượng cao.,316.0,55
NET,2024,0.0,0.36,0.5225,0.0081,1,VND,1703790590058.0,986305318641.0,142764354293.0,32400004056.0,177217426714.0,1147702772656.0,858950243.0,0.0,,1400432747918.0,3735770547.0,257906872817.0,206624387590.0,528926977096.0,457378341545.0,1096579863.0,714889274816.0,456281761682.0,227903963244.0,199779295274.0,346842018387.0,,0.158,233518847802.0,30807564554.0,18671490932.0,22398374.0,71120.0,1592972358880.0,111990420000.0,9225.0,1,1,"Công ty tiếp tục duy trì nghiêm ngặt quy trình kiểm soát nguyên vật liệu đầu vào và chuỗi sản xuất thông qua Phòng Quản lý chất lượng, đồng thời đối chiếu chặt chẽ định mức để bảo đảm không thất thoát.",Minh chứng nổi bật cho chất lượng sản phẩm là công ty đạt Chứng nhận BRC – Tiêu chuẩn toàn cầu cho sản phẩm tiêu dùng ở phân khúc chăm sóc cá nhân và gia đình; đồng thời NETCO nối dài kỷ lục 16 năm liên tiếp (2008–2024) đạt danh hiệu Hàng Việt Nam chất lượng cao.,303.0,56
OPC,2020,0.4918,0.0,0.2625,0.0505,1,VND,966483806412.0,1152624901892.0,154276049225.0,84892796501.0,144772643258.0,465466049844.0,26689698259.0,7564852362.0,63019251904.0,798032159874.0,77231016358.0,133040132931.0,102907123956.0,710514697760.0,442110204132.0,4953224733.0,30807564554.0,437156979399.0,538564090611.0,170306146722.0,59436849289.0,,0.0481,124160761710.0,784741361.0,30821145347.0,26577280.0,20730.0,550947014400.0,79598717400.0,3969.0,0,0,"Đề tài hợp tác với thử lâm sàng với Bệnh viện YHCT TP HCM, Viên tăng
đào thải Uric máu Purinase ",,800.0,43
OPC,2021,0.3873,0.0,0.511,0.046,1,VND,1126407919401.0,1238200512713.0,190206827811.0,83161699766.0,128046675272.0,399373281412.0,20147601293.0,5275701318.0,34677977879.0,783087042808.0,76131047134.0,159347107468.0,123362621688.0,743023377824.0,495177134889.0,5544604075.0,886325096318.0,489632530814.0,522620640362.0,176633242761.0,199563596790.0,,0.1946,190720859987.0,8037324175.0,8911591084.0,26577280.0,20930.0,556262470400.0,53403028200.0,4742.0,0,0,,,800.0,44
OPC,2022,0.1455,0.0,0.4364,0.01,1,VND,1194003443459.0,1246224736812.0,208686417627.0,97528654545.0,131954501429.0,399783507969.0,23413028194.0,4248137511.0,43008417155.0,812014957941.0,75031077910.0,179568090509.0,142394151139.0,871964279249.0,374260457563.0,5424497693.0,911257655505.0,368835959870.0,410550704458.0,159504674730.0,86590753862.0,,0.12464,36087811469.0,-51141869533.0,7399444689.0,64050892.0,24270.0,1554515148840.0,26582090305.0,2000.0,0,1,,https://atsolutions.com.vn/ats-viet-nam-va-opc-khoi-dong-du-an-trien-khai-sap-businessbydesign/,800.0,45
OPC,2023,0.1444,0.0,0.2626,0.008,1,VND,1008957297999.0,1260821164709.0,180931525210.0,100036807156.0,140449548690.0,275768054429.0,8923818734.0,3404207891.0,62912090835.0,645102800695.0,73927845245.0,156062784723.0,122318809292.0,884163704069.0,376657460640.0,4910708949.0,927670577951.0,371746751691.0,358589998884.0,149434284924.0,294273724378.0,,-0.1399,255358947340.0,48141823391.0,12042424879.0,64050892.0,22580.0,1446269141360.0,95826781000.0,1634.0,0,0,,,800.0,46
OPC,2024,0.14361,0.0,0.3956,0.0069,1,VND,969552846704.0,1221572137635.0,187809695493.0,80572966844.0,163009792568.0,318418813600.0,8923818734.0,1778869958.0,71347264024.0,696972608292.0,73944681530.0,138052520914.0,109453949892.0,876818386450.0,344753751185.0,4784552954.0,903835324897.0,339969198231.0,383110032676.0,136147804879.0,175594075576.0,,-0.12414,23724868785.0,-46486514837.0,11577889424.0,64050892.0,25000.0,1601272300000.0,95943306000.0,1421.0,0,1,,https://opcpharma.com/opc-va-aribio-ky-ket-nghiem-thu-cong-trinh-so-hoa-co-so-du-lieu-thuoc-duoc-lieu-viet-nam/,800.0,47
PAC,2020,0.001049,0.514,0.755,0.14,1,VND,3449081662295.0,2400229689921.0,195909646390.0,49707851117.0,452717877869.0,2091540215760.0,0.0,121039769130.0,,2820358330994.0,215772826325.0,188822518651.0,148582753566.0,730296569585.0,1669933120336.0,68470336202.0,1728172294801.0,1601462784134.0,690614750197.0,321609715850.0,969552846704.0,,-0.1087,224886367603.0,-59059538000.0,96061679902.0,46471707.0,15140.0,703581643980.0,69706145475.0,2878.0,0,1,,"Sự kiện Xí nghiệp AQĐN đoạt giải nhất cuộc thi “Cải tiến năng suất chất lượng sản phẩm” do
Bộ Công Thương tổ chức vào ngày 21/12/2020",1201.0,44
PAC,2021,0.001048,0.514,0.889,0.129,1,VND,3530513437533.0,2468635392528.0,206746841301.0,51876337690.0,428235658425.0,2082737501095.0,0.0,147015198355.0,,2810230214326.0,209141306747.0,206301122617.0,173826965883.0,854138200891.0,1614497191637.0,67656261696.0,1798363417999.0,1546840929941.0,673628923742.0,321609715850.0,119156485767.0,,0.1699,242384295352.0,-160562029425.0,99525308212.0,46471707.0,20640.0,959176032480.0,23235853500.0,3366.0,1,1,"Nghiên cứu cải tiến nâng cao tuổi thọ ắc quy tải lên 147%, đưa ra thị trường sản phẩm mới ắc quy ô tô Extra CMF với tuổi thọ cao hơn 53% so với ắc quy ô tô CMF hiện hữu.",Đào tạo và áp dụng lý thuyết TVP (Theorical Value Production) của YAMAHA tại Xí nghiệp Ắc quy Đồng Nại 2 để nhằm tăng hiệu suất sử dụng máy móc thiết bị,1229.0,45
PAC,2022,0.001048,0.514,0.901,0.128,1,VND,3835776645881.0,2416589808370.0,190997609265.0,62486634292.0,460838863905.0,2565644970680.0,0.0,165370125540.0,127212818286.0,3321763983637.0,7862530197.0,204976042181.0,156387589460.0,923059833263.0,1493529975107.0,45483428020.0,1663689832459.0,1448046547087.0,759923693703.0,316506731681.0,113688426865.0,,-0.0914,-20439067426.0,-101813615809.0,202537682385.0,46471707.0,19370.0,900156964590.0,69706145475.0,3047.0,1,0,"Công ty đã cải tiến công nghệ, nâng tuổi thọ bình CMF, Extra CMF, bình
N200, PA12-14, 12-23 để đáp ứng yêu cầu của Ford, Vinfast và các hãng lắp ráp khác. Cải tiến chất lượng Pin R03 đáp ứng thị hiếu của khách hàng",,1339.0,46
PAC,2023,0.001048,0.514,0.691,0.123,1,VND,3593413239932.0,2433505703245.0,202036520285.0,60686917845.0,443667251768.0,2164661465167.0,0.0,148916680298.0,127212818286.0,2890392286184.0,7715112823.0,153809670415.0,115202344188.0,944468268024.0,1489037435221.0,21614229301.0,1726186325353.0,1467423205920.0,643252164220.0,274686605679.0,161948859873.0,,-0.2634,231724579513.0,-4104720882.0,80293360745.0,46471707.0,14920.0,693357868440.0,79001901900.0,2231.0,1,1,"Cải tiến chất lượng bình N100ZD, N110, N150Z, N200Z, N220 đáp ứng phù hợp với mục đích sử dụng cho tàu thuyền, xe giường nằm, xe điện; bình NS70 phù hợp với thị trường Hongkong và Indonesia. Hoàn thiện cải tiến công nghệ, qui cách bình PA12-14, PA12-23 và đưa vào sản xuất đại trà","-Triển khai mở rộng TVP và Monozukuri của Yamaha vào quản lý sản xuất. 
- Hoàn thành đầu tư và đưa vào sử dụng máy trát liên tục, hệ thống đúc sườn đột dập…, đồng thời tiếp nhận thiết bị dây chuyền VRLA số 5 và một số thiết bị khác",1244.0,47
PAC,2024,0.001048,0.514,0.7342,0.1212,1,VND,3849053470231.0,2534781271379.0,173368170905.0,64911356999.0,449457193122.0,2373390872486.0,0.0,197443415157.0,148061938271.0,3121039054996.0,8518974044.0,163732114980.0,126626969757.0,968885437771.0,1565895833608.0,15045046393.0,1832261785850.0,1550850787215.0,696245897537.0,353610702820.0,200617830195.0,,0.0992,31293357929.0,-49425988117.0,11577889424.0,46471707.0,27710.0,1287731000970.0,69698961559.0,2452.0,1,0,"Thử nghiệm và ứng dụng thẻ Punch cho bình CMF, nghiên cứu khắc phục ổn định chất lượng bình VRLA, PA, và các sản phẩm khác; phát triển sản phẩm mới như bình CMF Tải, AGM Oto, CMF Din110, EFB Q85, ….",,1255.0,48
SLS,2020,0.6134,0.0,0.1544,0.0047,1,VND,1053607364251.0,1127709477401.0,4721250204.0,17863593370.0,71149466092.0,465893828481.0,1600242923.0,0.0,8196765123.0,612227102352.0,1127449765.0,18532255431.0,119316884543.0,571208563608.0,556500913793.0,178200000000.0,49425988117.0,378300913793.0,198523111063.0,649901782324.0,4674467769.0,,0.8868,163917138008.0,-18304505088.0,22460844897.0,9791945.0,48920.0,479021949400.0,48926004750.0,12185.0,0,0,,,,25
SLS,2021,0.6133,0.0,0.1505,0.0047,1,VND,801155649910.0,1192887788812.0,3402836603.0,14033577781.0,72129323522.0,497114439662.0,249437608.0,0.0,7392553980.0,602041312342.0,1223391660.0,163869737585.0,163809094802.0,656783194546.0,536104594266.0,102400000000.0,565390612744.0,433704594266.0,247275139328.0,606724670267.0,4489086530.0,,0.3729,102422414651.0,-10340902370.0,12437149237.0,9791945.0,111740.0,1094151934300.0,68496406650.0,16729.0,0,0,,,276.0,26
SLS,2022,0.7042,0.0,0.1504,0.0028,1,VND,868974945103.0,1379570091729.0,3130485212.0,19304031311.0,107070132369.0,629206225012.0,924231145.0,0.0,6655628044.0,773824608716.0,1216269564.0,186508692693.0,187639199121.0,760077682531.0,619492409198.0,50100000000.0,779346292945.0,569392409198.0,468474698397.0,557628792937.0,6691915531.0,,0.1455,-36883911963.0,-20162455513.0,29864039436.0,9791945.0,94180.0,922205380100.0,78407978500.0,18907.0,0,0,,,302.0,27
SLS,2023,0.6895,0.0,0.1609,0.0037,1,VND,1715939079381.0,1341953642225.0,5351903969.0,28798925586.0,110247873218.0,767035788343.0,174312657.0,0.0,44496851333.0,932545703937.0,1202025372.0,522188345181.0,523115195136.0,1180648233666.0,161305408559.0,4500000000.0,781233332217.0,156805408559.0,325097240660.0,542780494234.0,134227167920.0,,1.7879,768877910302.0,-31245878359.0,16863028709.0,9791945.0,119970.0,1174739641650.0,97914804500.0,53754.0,0,0,,,300.0,28
SLS,2024,0.6895,0.0,0.1504,0.0028,1,VND,1411694307969.0,1695681028342.0,2839039896.0,21847952508.0,114803926478.0,671951951251.0,157429064.0,0.0,51333501073.0,830608142047.0,1187781180.0,532352853985.0,526358983476.0,1554754272142.0,140926756200.0,0.0,1127012212540.0,140926756200.0,430580595516.0,548407185315.0,18532255431.0,,0.0062,38626245205.0,-19057994224.0,63499379033.0,9791945.0,169930.0,1663945213850.0,146872206750.0,53754.0,0,1,,https://scp.gov.vn/tin-tuc/t13719/cong-ty-mia-duong-son-la-ap-dung-mo-hinh-tuan-hoan-trong-san-xuat,333.0,29
TNG,2020,0.339,0.0,0.0907,0.0912,1,VND,4480199673570.0,3554954990341.0,145817165522.0,218614189136.0,762915300124.0,1994362901815.0,3041142674684.0,215525625423.0,300943758412.0,4278714718727.0,26725893027.0,200719234295.0,153603282678.0,1147979932911.0,2406975057430.0,570683328760.0,1700797108774.0,1836291728670.0,1025610355903.0,1223696318856.0,1411694307969.0,,-0.3325,196489971438.0,-490029448909.0,490029448909.0,73996005.0,8450.0,625266242250.0,81767582800.0,2254.0,1,0,https://vnbusiness.vn/tng-tang-10-doanh-thu-nho-san-xuat-khau-trang-khang-khuan-chong-dich-covid-19.html,,14796.0,41
TNG,2021,0.3384,0.0,0.1053,0.0908,1,VND,5446378397894.0,4367375088565.0,86014703288.0,242448803553.0,624166853236.0,2706640793964.0,3814832814297.0,222194065956.0,307733817876.0,4947096683760.0,24497796277.0,288273500826.0,232286347757.0,1462251288257.0,2905123800308.0,458126939942.0,2025771365606.0,2446996860366.0,1159323814454.0,1476879696017.0,13512403296.0,,0.5122,36046642382.0,-577258622810.0,579557797385.0,92698779.0,19550.0,1812261129450.0,29598402000.0,2913.0,1,0,"Phát triển bộ nhận diện thương hiệu cho các sản phẩm mới của TNG như: TSAFE (Đăng ký bảo hộ tại Việt Nam, EU và US); SAFETY (Đăng ký bảo hộ tại Việt Nam, EU, US)",,15974.0,42
TNG,2022,0.33841,0.0,0.0789,0.0766,1,VND,6772345206702.0,5291843839200.0,78285365057.0,367997249407.0,689981996630.0,3550294348793.0,4806921236051.0,347561433687.0,393134974822.0,6376763623876.0,21410745722.0,372633970045.0,292996521233.0,1650828080109.0,3641015759091.0,716510044223.0,2607502163527.0,2924505714868.0,1279993895072.0,1790947003309.0,512492211463.0,,0.2609,381546053339.0,-467244412628.0,471027901561.0,105117758.0,9000.0,946059822000.0,116206126400.0,2881.0,0,0,,,18117.0,43
TNG,2023,0.2966,0.0,0.1758,0.1836,1,VND,7095204710246.0,5230414452595.0,101008832542.0,360078891979.0,750916394874.0,3594657948224.0,5103671981298.0,230147166201.0,285375727219.0,6491475107607.0,161940097063.0,291963176068.0,219442316421.0,1854900570337.0,3375513882258.0,830382013819.0,2259844812960.0,2545131868439.0,1038742851995.0,2031059502485.0,283755423299.0,,-0.24082,480720979441.0,-724839437813.0,711823937812.0,113523002.0,15350.0,1742578080700.0,87456304000.0,1917.0,1,1,Nghiên cứu và phát triển thành công bông Clarkson và bông Downlike,"Trong năm 2023, TNG đã nghiên cứu và áp dụng triển khai hoạt động thực tế 3 phần mềm tiêu biểu: Văn phòng số, Kho phụ liệu thông minh và Kết nối dữ liệu với khách hàng",18204.0,44
TNG,2024,0.2878,0.0,0.1805,0.1604,1,VND,7655752759635.0,5816875229408.0,110513197605.0,424454644889.0,671674897880.0,4058457508446.0,5481423753041.0,278484467865.0,311070677402.0,7043299457594.0,156325201155.0,400866133017.0,314824208164.0,1892421461006.0,3924453768402.0,1173479641655.0,2637646921136.0,2750974126747.0,1074432497798.0,1960839540584.0,444562511913.0,,0.41582,746243110425.0,-494231263295.0,254148068898.0,122601206.0,21970.0,2693548495820.0,143490165600.0,2568.0,1,1,"Nghiên cứu và sản xuất bông nhồi sợi Microfiber 0.6D (thay thế lông vũ truyền thống, bảo vệ động vật)","Nâng cấp hệ thống AGV - Robot tự chế tạo (tự vận hành thang máy, điều phối đồng bộ); chế tạo thành công máy nâng vải, cải tiến máy dán tem và đính mác
.
Nâng cấp dự án truy vết sản phẩm khép kín; ứng dụng AI giao việc tự động, văn phòng số, quản lý kho thông minh và App QA Leader (tự động báo lỗi và gợi ý giải pháp)
.",19052.0,45
VMC,2020,0.0061,0.0,0.5141,0.0,1,VND,642882780448.0,1069697607795.0,-15828624467.0,38195506427.0,214552684513.0,318525924391.0,14616409584.0,150036832973.0,184485505659.0,619032567815.0,0.0,3600405589.0,3407060175.0,355443732602.0,714253875193.0,42975310899.0,885450647884.0,671278564294.0,157253459017.0,132617097417.0,39037400860.0,,,-22342408971.0,262235380.0,5628499545.0,20000000.0,7070.0,141400000000.0,62431555.0,166.0,0,1,"Tập trung vào các ngành nghề truyền thống: thi công xây lắp hạ tầng, sản xuất bê tông thương phẩm và kinh doanh bất động sản,. Không ghi nhận sản phẩm mới cụ thể.","Thanh lý công nghệ cũ, thực hiện đổi mới đồng bộ máy móc thiết bị mới 100%. Thực hiện sắp xếp lại bộ máy quản lý, điều chỉnh mạnh mẽ cơ chế tiền lương và cắt giảm nhân sự từ 854 xuống 487 người để tối ưu chi phí",487.0,23
VMC,2021,0.0057,0.0,0.5141,0.0,1,VND,765899475829.0,1016493423902.0,-17588371571.0,35203856122.0,114152438563.0,560786881209.0,11281841195.0,180183544732.0,101702762858.0,776899884016.0,0.0,6191523748.0,2442227091.0,347885959693.0,668607464209.0,26139563126.0,865113694793.0,642467901083.0,186453707583.0,126974989932.0,17339255336.0,,,-11376504245.0,-14265067201.0,17429704523.0,20000000.0,19410.0,388200000000.0,26009906700.0,110.0,0,1,Tiếp tục duy trì danh mục sản phẩm/dịch vụ cốt lõi. Chưa có dữ liệu về việc ra mắt sản phẩm mới trong năm.,"Chuyển đổi mô hình sản xuất từ doanh nghiệp xây lắp thuần túy sang công ty đa ngành với 03 trụ cột (Xây lắp, Bất động sản, Dịch vụ & Tài chính). Đẩy mạnh công tác đào tạo nguồn nhân lực nòng cốt",514.0,24
VMC,2022,0.0085,0.0,0.5141,0.0,1,VND,918445134365.0,1618169632395.0,-9141859872.0,43514120497.0,394663164228.0,551117412959.0,13291418861.0,370017585364.0,355395942837.0,1081469970807.0,0.0,4712616185.0,2764015095.0,350679974788.0,1267489657607.0,56316989408.0,1359977234436.0,1211172668199.0,374438339963.0,180013270962.0,69555173725.0,,,-104643792986.0,-89898955087.0,92714323681.0,21599283.0,6590.0,142339274970.0,,140.0,1,1,"Thành lập và đưa vào hoạt động công ty con Hệ thống Giáo dục Quốc tế Vimeco, mở rộng sang lĩnh vực giáo dục chất lượng cao",Triển khai chương trình chuyển đổi số đến năm 2025; áp dụng mô hình thông tin công trình (BIM) trong hoạt động đầu tư và thi công. Thành lập Tiểu ban Nhân sự trực thuộc HĐQT để kiện toàn bộ máy,600.0,25
VMC,2023,0.0052,0.0,0.5141,0.0,1,VND,1172412058367.0,1452959489393.0,-9141859872.0,44683596784.0,594549538551.0,369242629712.0,15208825462.0,321768264060.0,543926901177.0,1146049075365.0,3713080000.0,1202187026.0,4661140433.0,353629140702.0,1099330348691.0,34266128179.0,1203632846416.0,1065064220512.0,325582153885.0,176840406689.0,55624745665.0,,,-55976029395.0,44955835448.0,21588333775.0,23758951.0,6880.0,163461582880.0,,178.0,1,1,Nghiên cứu và phát triển thành công sản phẩm Base gia cố xi măng phục vụ cho các công trình giao thông đường bộ,Áp dụng phần mềm tiên tiến trong quản lý và điều hành để tiết kiệm nguồn lực. Tiếp tục hiện đại hóa các trạm trộn bê tông và dây chuyền thiết bị thi công cơ giớ,469.0,26
VMC,2024,0.0022,0.0,0.5141,0.0,1,VND,1118087481331.0,1405099151842.0,0.0,42827768730.0,468242378436.0,495994673056.0,22916460382.0,324433787704.0,414432359328.0,1077374647592.0,3621155632.0,4582926051.0,3213700731.0,356842841433.0,1048256310409.0,21915391367.0,1146418829851.0,1026340919042.0,327921295100.0,152964131350.0,104987831098.0,,,43848897068.0,-11552451783.0,3507863289.0,26134132.0,6920.0,180848193440.0,,123.0,0,1,Không ghi nhận sự ra mắt của sản phẩm mới đáng kể; tập trung nâng cao hình ảnh và uy tín thương hiệu VIMECO trong các lĩnh vực hiện hữu,"Tiếp tục áp dụng BIM và đào tạo sử dụng phần mềm Autodesk Inventor Professional Plus. Đổi mới tư duy quản trị điều hành, hoàn thiện cơ chế trả lương và chế độ đãi ngộ để thu hút tài năng",348.0,27
